subscriberId,campaignType,tenureMonths,monthlyDataUsageGb,monthlyVoiceMinutes,monthlySpendTry,currentTariff,pastAcceptedOffers,pastDeclinedOffers,complaintCount6m,usageTrend,trueConversionProbability,converted
SUB-0001,EK_PAKET,8,19.6,502,165.86,EKONOMIK,0,1,1,0.651,0.469,0
SUB-0001,TARIFE_YUKSELTME,8,19.6,502,165.86,EKONOMIK,0,1,1,0.651,0.735,1
SUB-0001,CIHAZ_FIRSATI,8,19.6,502,165.86,EKONOMIK,0,1,1,0.651,0.4124,1
SUB-0001,SADAKAT,8,19.6,502,165.86,EKONOMIK,0,1,1,0.651,0.5437,1
SUB-0002,EK_PAKET,66,15.15,340,275.28,STANDART,9,2,1,0.522,0.7684,1
SUB-0002,TARIFE_YUKSELTME,66,15.15,340,275.28,STANDART,9,2,1,0.522,0.7567,1
SUB-0002,CIHAZ_FIRSATI,66,15.15,340,275.28,STANDART,9,2,1,0.522,0.9715,1
SUB-0002,SADAKAT,66,15.15,340,275.28,STANDART,9,2,1,0.522,0.99,1
SUB-0003,EK_PAKET,55,7.0,486,492.06,PREMIUM,3,6,0,0.691,0.5846,0
SUB-0003,TARIFE_YUKSELTME,55,7.0,486,492.06,PREMIUM,3,6,0,0.691,0.3998,0
SUB-0003,CIHAZ_FIRSATI,55,7.0,486,492.06,PREMIUM,3,6,0,0.691,0.949,1
SUB-0003,SADAKAT,55,7.0,486,492.06,PREMIUM,3,6,0,0.691,0.8423,1
SUB-0004,EK_PAKET,37,11.8,689,189.92,EKONOMIK,3,3,0,-0.307,0.399,1
SUB-0004,TARIFE_YUKSELTME,37,11.8,689,189.92,EKONOMIK,3,3,0,-0.307,0.5615,0
SUB-0004,CIHAZ_FIRSATI,37,11.8,689,189.92,EKONOMIK,3,3,0,-0.307,0.6481,0
SUB-0004,SADAKAT,37,11.8,689,189.92,EKONOMIK,3,3,0,-0.307,0.7513,0
SUB-0005,EK_PAKET,37,13.22,554,315.38,STANDART,6,0,0,0.369,0.818,1
SUB-0005,TARIFE_YUKSELTME,37,13.22,554,315.38,STANDART,6,0,0,0.369,0.938,1
SUB-0005,CIHAZ_FIRSATI,37,13.22,554,315.38,STANDART,6,0,0,0.369,0.8577,1
SUB-0005,SADAKAT,37,13.22,554,315.38,STANDART,6,0,0,0.369,0.99,1
SUB-0006,EK_PAKET,73,30.13,520,589.56,PREMIUM,7,5,0,-0.203,0.8798,1
SUB-0006,TARIFE_YUKSELTME,73,30.13,520,589.56,PREMIUM,7,5,0,-0.203,0.5136,0
SUB-0006,CIHAZ_FIRSATI,73,30.13,520,589.56,PREMIUM,7,5,0,-0.203,0.8001,1
SUB-0006,SADAKAT,73,30.13,520,589.56,PREMIUM,7,5,0,-0.203,0.9128,1
SUB-0007,EK_PAKET,8,4.73,389,254.32,STANDART,1,0,0,0.129,0.4819,0
SUB-0007,TARIFE_YUKSELTME,8,4.73,389,254.32,STANDART,1,0,0,0.129,0.5592,1
SUB-0007,CIHAZ_FIRSATI,8,4.73,389,254.32,STANDART,1,0,0,0.129,0.5856,1
SUB-0007,SADAKAT,8,4.73,389,254.32,STANDART,1,0,0,0.129,0.6839,0
SUB-0008,EK_PAKET,59,13.1,218,510.47,PREMIUM,7,2,0,-0.396,0.5903,1
SUB-0008,TARIFE_YUKSELTME,59,13.1,218,510.47,PREMIUM,7,2,0,-0.396,0.2724,1
SUB-0008,CIHAZ_FIRSATI,59,13.1,218,510.47,PREMIUM,7,2,0,-0.396,0.99,1
SUB-0008,SADAKAT,59,13.1,218,510.47,PREMIUM,7,2,0,-0.396,0.762,1
SUB-0009,EK_PAKET,17,19.54,130,312.73,STANDART,1,1,0,-0.176,0.6216,1
SUB-0009,TARIFE_YUKSELTME,17,19.54,130,312.73,STANDART,1,1,0,-0.176,0.6552,1
SUB-0009,CIHAZ_FIRSATI,17,19.54,130,312.73,STANDART,1,1,0,-0.176,0.5799,1
SUB-0009,SADAKAT,17,19.54,130,312.73,STANDART,1,1,0,-0.176,0.4577,0
SUB-0010,EK_PAKET,8,27.99,272,477.21,STANDART,0,1,3,-0.427,0.459,1
SUB-0010,TARIFE_YUKSELTME,8,27.99,272,477.21,STANDART,0,1,3,-0.427,0.4307,0
SUB-0010,CIHAZ_FIRSATI,8,27.99,272,477.21,STANDART,0,1,3,-0.427,0.2609,0
SUB-0010,SADAKAT,8,27.99,272,477.21,STANDART,0,1,3,-0.427,0.2503,0
SUB-0011,EK_PAKET,45,6.73,394,162.19,EKONOMIK,2,5,0,0.364,0.3605,1
SUB-0011,TARIFE_YUKSELTME,45,6.73,394,162.19,EKONOMIK,2,5,0,0.364,0.5807,0
SUB-0011,CIHAZ_FIRSATI,45,6.73,394,162.19,EKONOMIK,2,5,0,0.364,0.7756,1
SUB-0011,SADAKAT,45,6.73,394,162.19,EKONOMIK,2,5,0,0.364,0.6438,0
SUB-0012,EK_PAKET,82,8.3,433,552.81,PREMIUM,6,7,1,0.25,0.2864,0
SUB-0012,TARIFE_YUKSELTME,82,8.3,433,552.81,PREMIUM,6,7,1,0.25,0.2315,0
SUB-0012,CIHAZ_FIRSATI,82,8.3,433,552.81,PREMIUM,6,7,1,0.25,0.896,1
SUB-0012,SADAKAT,82,8.3,433,552.81,PREMIUM,6,7,1,0.25,0.7214,1
SUB-0013,EK_PAKET,62,17.26,780,318.09,STANDART,2,8,0,0.147,0.5357,1
SUB-0013,TARIFE_YUKSELTME,62,17.26,780,318.09,STANDART,2,8,0,0.147,0.5606,1
SUB-0013,CIHAZ_FIRSATI,62,17.26,780,318.09,STANDART,2,8,0,0.147,0.8857,1
SUB-0013,SADAKAT,62,17.26,780,318.09,STANDART,2,8,0,0.147,0.6393,1
SUB-0014,EK_PAKET,64,2.95,367,265.85,STANDART,5,5,2,-0.583,0.2272,0
SUB-0014,TARIFE_YUKSELTME,64,2.95,367,265.85,STANDART,5,5,2,-0.583,0.3196,1
SUB-0014,CIHAZ_FIRSATI,64,2.95,367,265.85,STANDART,5,5,2,-0.583,0.6157,1
SUB-0014,SADAKAT,64,2.95,367,265.85,STANDART,5,5,2,-0.583,0.4657,0
SUB-0015,EK_PAKET,61,13.97,620,294.33,STANDART,1,9,1,-0.139,0.3435,0
SUB-0015,TARIFE_YUKSELTME,61,13.97,620,294.33,STANDART,1,9,1,-0.139,0.2807,0
SUB-0015,CIHAZ_FIRSATI,61,13.97,620,294.33,STANDART,1,9,1,-0.139,0.7696,1
SUB-0015,SADAKAT,61,13.97,620,294.33,STANDART,1,9,1,-0.139,0.5892,1
SUB-0016,EK_PAKET,67,36.84,102,319.7,STANDART,4,7,1,-0.291,0.882,1
SUB-0016,TARIFE_YUKSELTME,67,36.84,102,319.7,STANDART,4,7,1,-0.291,0.7994,1
SUB-0016,CIHAZ_FIRSATI,67,36.84,102,319.7,STANDART,4,7,1,-0.291,0.6431,0
SUB-0016,SADAKAT,67,36.84,102,319.7,STANDART,4,7,1,-0.291,0.7772,1
SUB-0017,EK_PAKET,44,14.95,507,272.16,STANDART,2,5,0,0.354,0.5906,1
SUB-0017,TARIFE_YUKSELTME,44,14.95,507,272.16,STANDART,2,5,0,0.354,0.8098,1
SUB-0017,CIHAZ_FIRSATI,44,14.95,507,272.16,STANDART,2,5,0,0.354,0.7029,1
SUB-0017,SADAKAT,44,14.95,507,272.16,STANDART,2,5,0,0.354,0.8428,1
SUB-0018,EK_PAKET,11,1.24,481,193.14,STANDART,0,1,1,0.382,0.4524,0
SUB-0018,TARIFE_YUKSELTME,11,1.24,481,193.14,STANDART,0,1,1,0.382,0.4793,1
SUB-0018,CIHAZ_FIRSATI,11,1.24,481,193.14,STANDART,0,1,1,0.382,0.4901,0
SUB-0018,SADAKAT,11,1.24,481,193.14,STANDART,0,1,1,0.382,0.5947,1
SUB-0019,EK_PAKET,71,5.77,1014,415.97,PREMIUM,1,10,1,0.34,0.2481,0
SUB-0019,TARIFE_YUKSELTME,71,5.77,1014,415.97,PREMIUM,1,10,1,0.34,0.0278,0
SUB-0019,CIHAZ_FIRSATI,71,5.77,1014,415.97,PREMIUM,1,10,1,0.34,0.6646,1
SUB-0019,SADAKAT,71,5.77,1014,415.97,PREMIUM,1,10,1,0.34,0.6709,1
SUB-0020,EK_PAKET,38,6.89,340,243.21,STANDART,3,3,2,-0.374,0.3284,0
SUB-0020,TARIFE_YUKSELTME,38,6.89,340,243.21,STANDART,3,3,2,-0.374,0.2873,1
SUB-0020,CIHAZ_FIRSATI,38,6.89,340,243.21,STANDART,3,3,2,-0.374,0.521,0
SUB-0020,SADAKAT,38,6.89,340,243.21,STANDART,3,3,2,-0.374,0.4907,0
SUB-0021,EK_PAKET,43,22.41,329,413.83,STANDART,4,3,1,-0.989,0.608,0
SUB-0021,TARIFE_YUKSELTME,43,22.41,329,413.83,STANDART,4,3,1,-0.989,0.7152,0
SUB-0021,CIHAZ_FIRSATI,43,22.41,329,413.83,STANDART,4,3,1,-0.989,0.541,0
SUB-0021,SADAKAT,43,22.41,329,413.83,STANDART,4,3,1,-0.989,0.6141,0
SUB-0022,EK_PAKET,32,9.95,692,162.99,EKONOMIK,1,4,1,-0.648,0.3307,0
SUB-0022,TARIFE_YUKSELTME,32,9.95,692,162.99,EKONOMIK,1,4,1,-0.648,0.2985,0
SUB-0022,CIHAZ_FIRSATI,32,9.95,692,162.99,EKONOMIK,1,4,1,-0.648,0.2964,0
SUB-0022,SADAKAT,32,9.95,692,162.99,EKONOMIK,1,4,1,-0.648,0.5343,0
SUB-0023,EK_PAKET,16,2.32,141,322.05,STANDART,1,1,5,0.148,0.01,0
SUB-0023,TARIFE_YUKSELTME,16,2.32,141,322.05,STANDART,1,1,5,0.148,0.3109,0
SUB-0023,CIHAZ_FIRSATI,16,2.32,141,322.05,STANDART,1,1,5,0.148,0.2434,0
SUB-0023,SADAKAT,16,2.32,141,322.05,STANDART,1,1,5,0.148,0.189,0
SUB-0024,EK_PAKET,78,10.76,497,324.88,STANDART,0,13,2,-0.25,0.1194,0
SUB-0024,TARIFE_YUKSELTME,78,10.76,497,324.88,STANDART,0,13,2,-0.25,0.2253,0
SUB-0024,CIHAZ_FIRSATI,78,10.76,497,324.88,STANDART,0,13,2,-0.25,0.5118,1
SUB-0024,SADAKAT,78,10.76,497,324.88,STANDART,0,13,2,-0.25,0.53,1
SUB-0025,EK_PAKET,66,12.3,134,206.66,EKONOMIK,7,4,0,-0.213,0.5781,1
SUB-0025,TARIFE_YUKSELTME,66,12.3,134,206.66,EKONOMIK,7,4,0,-0.213,0.7684,1
SUB-0025,CIHAZ_FIRSATI,66,12.3,134,206.66,EKONOMIK,7,4,0,-0.213,0.8345,0
SUB-0025,SADAKAT,66,12.3,134,206.66,EKONOMIK,7,4,0,-0.213,0.8772,1
SUB-0026,EK_PAKET,55,7.59,1324,118.1,EKONOMIK,4,5,0,0.625,0.5463,1
SUB-0026,TARIFE_YUKSELTME,55,7.59,1324,118.1,EKONOMIK,4,5,0,0.625,0.476,0
SUB-0026,CIHAZ_FIRSATI,55,7.59,1324,118.1,EKONOMIK,4,5,0,0.625,0.7773,1
SUB-0026,SADAKAT,55,7.59,1324,118.1,EKONOMIK,4,5,0,0.625,0.9032,1
SUB-0027,EK_PAKET,34,5.01,294,303.48,STANDART,2,3,0,0.493,0.4866,1
SUB-0027,TARIFE_YUKSELTME,34,5.01,294,303.48,STANDART,2,3,0,0.493,0.3803,1
SUB-0027,CIHAZ_FIRSATI,34,5.01,294,303.48,STANDART,2,3,0,0.493,0.9031,1
SUB-0027,SADAKAT,34,5.01,294,303.48,STANDART,2,3,0,0.493,0.7837,0
SUB-0028,EK_PAKET,70,39.28,125,465.9,STANDART,0,11,0,0.059,0.6998,1
SUB-0028,TARIFE_YUKSELTME,70,39.28,125,465.9,STANDART,0,11,0,0.059,0.8363,1
SUB-0028,CIHAZ_FIRSATI,70,39.28,125,465.9,STANDART,0,11,0,0.059,0.6616,0
SUB-0028,SADAKAT,70,39.28,125,465.9,STANDART,0,11,0,0.059,0.6649,0
SUB-0029,EK_PAKET,46,19.58,270,325.02,STANDART,3,4,0,-0.053,0.6589,1
SUB-0029,TARIFE_YUKSELTME,46,19.58,270,325.02,STANDART,3,4,0,-0.053,0.7722,1
SUB-0029,CIHAZ_FIRSATI,46,19.58,270,325.02,STANDART,3,4,0,-0.053,0.759,0
SUB-0029,SADAKAT,46,19.58,270,325.02,STANDART,3,4,0,-0.053,0.6263,0
SUB-0030,EK_PAKET,38,20.7,500,235.55,EKONOMIK,5,1,1,-0.076,0.6552,1
SUB-0030,TARIFE_YUKSELTME,38,20.7,500,235.55,EKONOMIK,5,1,1,-0.076,0.7406,0
SUB-0030,CIHAZ_FIRSATI,38,20.7,500,235.55,EKONOMIK,5,1,1,-0.076,0.6593,1
SUB-0030,SADAKAT,38,20.7,500,235.55,EKONOMIK,5,1,1,-0.076,0.6868,0
SUB-0031,EK_PAKET,38,9.96,606,187.49,EKONOMIK,0,6,1,0.05,0.2056,0
SUB-0031,TARIFE_YUKSELTME,38,9.96,606,187.49,EKONOMIK,0,6,1,0.05,0.3226,1
SUB-0031,CIHAZ_FIRSATI,38,9.96,606,187.49,EKONOMIK,0,6,1,0.05,0.5309,0
SUB-0031,SADAKAT,38,9.96,606,187.49,EKONOMIK,0,6,1,0.05,0.4735,0
SUB-0032,EK_PAKET,20,6.64,978,127.92,EKONOMIK,0,3,1,0.53,0.3692,1
SUB-0032,TARIFE_YUKSELTME,20,6.64,978,127.92,EKONOMIK,0,3,1,0.53,0.4069,1
SUB-0032,CIHAZ_FIRSATI,20,6.64,978,127.92,EKONOMIK,0,3,1,0.53,0.3701,1
SUB-0032,SADAKAT,20,6.64,978,127.92,EKONOMIK,0,3,1,0.53,0.5291,1
SUB-0033,EK_PAKET,8,7.87,243,250.5,STANDART,0,1,0,0.198,0.4299,0
SUB-0033,TARIFE_YUKSELTME,8,7.87,243,250.5,STANDART,0,1,0,0.198,0.5436,0
SUB-0033,CIHAZ_FIRSATI,8,7.87,243,250.5,STANDART,0,1,0,0.198,0.5227,1
SUB-0033,SADAKAT,8,7.87,243,250.5,STANDART,0,1,0,0.198,0.6027,1
SUB-0034,EK_PAKET,47,3.65,715,449.06,PREMIUM,2,5,1,0.224,0.3281,0
SUB-0034,TARIFE_YUKSELTME,47,3.65,715,449.06,PREMIUM,2,5,1,0.224,0.1425,0
SUB-0034,CIHAZ_FIRSATI,47,3.65,715,449.06,PREMIUM,2,5,1,0.224,0.792,0
SUB-0034,SADAKAT,47,3.65,715,449.06,PREMIUM,2,5,1,0.224,0.6396,1
SUB-0035,EK_PAKET,75,29.77,75,257.44,EKONOMIK,3,9,2,0.299,0.6287,1
SUB-0035,TARIFE_YUKSELTME,75,29.77,75,257.44,EKONOMIK,3,9,2,0.299,0.7918,1
SUB-0035,CIHAZ_FIRSATI,75,29.77,75,257.44,EKONOMIK,3,9,2,0.299,0.6174,1
SUB-0035,SADAKAT,75,29.77,75,257.44,EKONOMIK,3,9,2,0.299,0.5928,0
SUB-0036,EK_PAKET,6,10.26,164,319.23,STANDART,0,1,1,-0.439,0.3442,0
SUB-0036,TARIFE_YUKSELTME,6,10.26,164,319.23,STANDART,0,1,1,-0.439,0.3365,0
SUB-0036,CIHAZ_FIRSATI,6,10.26,164,319.23,STANDART,0,1,1,-0.439,0.3685,0
SUB-0036,SADAKAT,6,10.26,164,319.23,STANDART,0,1,1,-0.439,0.4281,1
SUB-0037,EK_PAKET,73,25.68,105,203.86,EKONOMIK,5,7,3,0.074,0.5128,1
SUB-0037,TARIFE_YUKSELTME,73,25.68,105,203.86,EKONOMIK,5,7,3,0.074,0.6421,0
SUB-0037,CIHAZ_FIRSATI,73,25.68,105,203.86,EKONOMIK,5,7,3,0.074,0.5727,0
SUB-0037,SADAKAT,73,25.68,105,203.86,EKONOMIK,5,7,3,0.074,0.6124,0
SUB-0038,EK_PAKET,70,8.16,207,157.77,EKONOMIK,2,9,3,-0.293,0.1445,0
SUB-0038,TARIFE_YUKSELTME,70,8.16,207,157.77,EKONOMIK,2,9,3,-0.293,0.1566,0
SUB-0038,CIHAZ_FIRSATI,70,8.16,207,157.77,EKONOMIK,2,9,3,-0.293,0.4811,1
SUB-0038,SADAKAT,70,8.16,207,157.77,EKONOMIK,2,9,3,-0.293,0.4747,0
SUB-0039,EK_PAKET,24,15.1,692,210.75,EKONOMIK,3,1,1,-0.911,0.5316,0
SUB-0039,TARIFE_YUKSELTME,24,15.1,692,210.75,EKONOMIK,3,1,1,-0.911,0.587,0
SUB-0039,CIHAZ_FIRSATI,24,15.1,692,210.75,EKONOMIK,3,1,1,-0.911,0.4484,0
SUB-0039,SADAKAT,24,15.1,692,210.75,EKONOMIK,3,1,1,-0.911,0.545,0
SUB-0040,EK_PAKET,54,12.77,248,202.19,EKONOMIK,6,3,1,-0.775,0.5108,0
SUB-0040,TARIFE_YUKSELTME,54,12.77,248,202.19,EKONOMIK,6,3,1,-0.775,0.4144,0
SUB-0040,CIHAZ_FIRSATI,54,12.77,248,202.19,EKONOMIK,6,3,1,-0.775,0.6925,1
SUB-0040,SADAKAT,54,12.77,248,202.19,EKONOMIK,6,3,1,-0.775,0.7281,1
SUB-0041,EK_PAKET,14,3.31,290,336.98,STANDART,1,1,1,-0.386,0.1794,1
SUB-0041,TARIFE_YUKSELTME,14,3.31,290,336.98,STANDART,1,1,1,-0.386,0.4974,0
SUB-0041,CIHAZ_FIRSATI,14,3.31,290,336.98,STANDART,1,1,1,-0.386,0.4175,1
SUB-0041,SADAKAT,14,3.31,290,336.98,STANDART,1,1,1,-0.386,0.5976,1
SUB-0042,EK_PAKET,64,32.1,510,675.55,PREMIUM,1,9,0,0.236,0.7222,1
SUB-0042,TARIFE_YUKSELTME,64,32.1,510,675.55,PREMIUM,1,9,0,0.236,0.4778,0
SUB-0042,CIHAZ_FIRSATI,64,32.1,510,675.55,PREMIUM,1,9,0,0.236,0.6922,0
SUB-0042,SADAKAT,64,32.1,510,675.55,PREMIUM,1,9,0,0.236,0.76,0
SUB-0043,EK_PAKET,59,8.34,588,117.49,EKONOMIK,3,6,1,0.01,0.2567,0
SUB-0043,TARIFE_YUKSELTME,59,8.34,588,117.49,EKONOMIK,3,6,1,0.01,0.4159,1
SUB-0043,CIHAZ_FIRSATI,59,8.34,588,117.49,EKONOMIK,3,6,1,0.01,0.6121,1
SUB-0043,SADAKAT,59,8.34,588,117.49,EKONOMIK,3,6,1,0.01,0.7292,0
SUB-0044,EK_PAKET,30,4.36,297,346.94,STANDART,2,3,1,0.035,0.0944,0
SUB-0044,TARIFE_YUKSELTME,30,4.36,297,346.94,STANDART,2,3,1,0.035,0.4099,1
SUB-0044,CIHAZ_FIRSATI,30,4.36,297,346.94,STANDART,2,3,1,0.035,0.6296,1
SUB-0044,SADAKAT,30,4.36,297,346.94,STANDART,2,3,1,0.035,0.5577,0
SUB-0045,EK_PAKET,6,17.34,163,316.81,STANDART,0,1,3,0.493,0.4178,1
SUB-0045,TARIFE_YUKSELTME,6,17.34,163,316.81,STANDART,0,1,3,0.493,0.4508,0
SUB-0045,CIHAZ_FIRSATI,6,17.34,163,316.81,STANDART,0,1,3,0.493,0.3106,0
SUB-0045,SADAKAT,6,17.34,163,316.81,STANDART,0,1,3,0.493,0.4688,0
SUB-0046,EK_PAKET,82,11.16,1183,572.01,PREMIUM,10,3,1,-0.474,0.5609,0
SUB-0046,TARIFE_YUKSELTME,82,11.16,1183,572.01,PREMIUM,10,3,1,-0.474,0.298,0
SUB-0046,CIHAZ_FIRSATI,82,11.16,1183,572.01,PREMIUM,10,3,1,-0.474,0.8531,1
SUB-0046,SADAKAT,82,11.16,1183,572.01,PREMIUM,10,3,1,-0.474,0.8672,1
SUB-0047,EK_PAKET,38,14.2,299,326.63,STANDART,2,4,1,-0.04,0.4601,1
SUB-0047,TARIFE_YUKSELTME,38,14.2,299,326.63,STANDART,2,4,1,-0.04,0.4222,1
SUB-0047,CIHAZ_FIRSATI,38,14.2,299,326.63,STANDART,2,4,1,-0.04,0.6027,1
SUB-0047,SADAKAT,38,14.2,299,326.63,STANDART,2,4,1,-0.04,0.7092,1
SUB-0048,EK_PAKET,76,11.96,324,157.33,EKONOMIK,9,3,0,0.157,0.6905,1
SUB-0048,TARIFE_YUKSELTME,76,11.96,324,157.33,EKONOMIK,9,3,0,0.157,0.6849,1
SUB-0048,CIHAZ_FIRSATI,76,11.96,324,157.33,EKONOMIK,9,3,0,0.157,0.8112,1
SUB-0048,SADAKAT,76,11.96,324,157.33,EKONOMIK,9,3,0,0.157,0.9687,1
SUB-0049,EK_PAKET,57,1.4,358,193.98,STANDART,2,7,1,-0.288,0.1409,0
SUB-0049,TARIFE_YUKSELTME,57,1.4,358,193.98,STANDART,2,7,1,-0.288,0.2296,0
SUB-0049,CIHAZ_FIRSATI,57,1.4,358,193.98,STANDART,2,7,1,-0.288,0.6748,1
SUB-0049,SADAKAT,57,1.4,358,193.98,STANDART,2,7,1,-0.288,0.6668,1
SUB-0050,EK_PAKET,66,5.61,633,138.39,EKONOMIK,3,8,1,-0.02,0.1553,0
SUB-0050,TARIFE_YUKSELTME,66,5.61,633,138.39,EKONOMIK,3,8,1,-0.02,0.3593,1
SUB-0050,CIHAZ_FIRSATI,66,5.61,633,138.39,EKONOMIK,3,8,1,-0.02,0.5556,0
SUB-0050,SADAKAT,66,5.61,633,138.39,EKONOMIK,3,8,1,-0.02,0.6428,1
SUB-0051,EK_PAKET,64,5.43,97,442.08,PREMIUM,4,6,2,-0.67,0.0549,0
SUB-0051,TARIFE_YUKSELTME,64,5.43,97,442.08,PREMIUM,4,6,2,-0.67,0.01,0
SUB-0051,CIHAZ_FIRSATI,64,5.43,97,442.08,PREMIUM,4,6,2,-0.67,0.4778,0
SUB-0051,SADAKAT,64,5.43,97,442.08,PREMIUM,4,6,2,-0.67,0.6004,1
SUB-0052,EK_PAKET,17,20.51,1492,390.99,STANDART,0,2,2,0.383,0.5241,1
SUB-0052,TARIFE_YUKSELTME,17,20.51,1492,390.99,STANDART,0,2,2,0.383,0.5365,0
SUB-0052,CIHAZ_FIRSATI,17,20.51,1492,390.99,STANDART,0,2,2,0.383,0.3835,1
SUB-0052,SADAKAT,17,20.51,1492,390.99,STANDART,0,2,2,0.383,0.3137,0
SUB-0053,EK_PAKET,31,11.45,317,372.21,STANDART,1,4,1,-0.269,0.2863,0
SUB-0053,TARIFE_YUKSELTME,31,11.45,317,372.21,STANDART,1,4,1,-0.269,0.4121,0
SUB-0053,CIHAZ_FIRSATI,31,11.45,317,372.21,STANDART,1,4,1,-0.269,0.525,1
SUB-0053,SADAKAT,31,11.45,317,372.21,STANDART,1,4,1,-0.269,0.5908,1
SUB-0054,EK_PAKET,40,15.7,648,158.78,EKONOMIK,3,3,1,0.681,0.7308,1
SUB-0054,TARIFE_YUKSELTME,40,15.7,648,158.78,EKONOMIK,3,3,1,0.681,0.6894,1
SUB-0054,CIHAZ_FIRSATI,40,15.7,648,158.78,EKONOMIK,3,3,1,0.681,0.7213,1
SUB-0054,SADAKAT,40,15.7,648,158.78,EKONOMIK,3,3,1,0.681,0.7131,1
SUB-0055,EK_PAKET,42,8.72,126,311.33,STANDART,5,2,1,-0.041,0.3634,0
SUB-0055,TARIFE_YUKSELTME,42,8.72,126,311.33,STANDART,5,2,1,-0.041,0.4694,1
SUB-0055,CIHAZ_FIRSATI,42,8.72,126,311.33,STANDART,5,2,1,-0.041,0.6463,0
SUB-0055,SADAKAT,42,8.72,126,311.33,STANDART,5,2,1,-0.041,0.8931,0
SUB-0056,EK_PAKET,4,16.22,472,523.96,PREMIUM,0,0,2,0.25,0.542,1
SUB-0056,TARIFE_YUKSELTME,4,16.22,472,523.96,PREMIUM,0,0,2,0.25,0.3706,1
SUB-0056,CIHAZ_FIRSATI,4,16.22,472,523.96,PREMIUM,0,0,2,0.25,0.4325,1
SUB-0056,SADAKAT,4,16.22,472,523.96,PREMIUM,0,0,2,0.25,0.6262,1
SUB-0057,EK_PAKET,46,9.98,1343,279.77,STANDART,1,6,3,-0.209,0.0695,0
SUB-0057,TARIFE_YUKSELTME,46,9.98,1343,279.77,STANDART,1,6,3,-0.209,0.1066,0
SUB-0057,CIHAZ_FIRSATI,46,9.98,1343,279.77,STANDART,1,6,3,-0.209,0.6449,1
SUB-0057,SADAKAT,46,9.98,1343,279.77,STANDART,1,6,3,-0.209,0.323,0
SUB-0058,EK_PAKET,13,9.46,1220,333.56,STANDART,1,1,1,-0.041,0.3949,1
SUB-0058,TARIFE_YUKSELTME,13,9.46,1220,333.56,STANDART,1,1,1,-0.041,0.4372,1
SUB-0058,CIHAZ_FIRSATI,13,9.46,1220,333.56,STANDART,1,1,1,-0.041,0.5189,0
SUB-0058,SADAKAT,13,9.46,1220,333.56,STANDART,1,1,1,-0.041,0.4756,0
SUB-0059,EK_PAKET,63,12.71,636,535.66,PREMIUM,1,9,1,-0.234,0.3456,1
SUB-0059,TARIFE_YUKSELTME,63,12.71,636,535.66,PREMIUM,1,9,1,-0.234,0.1769,1
SUB-0059,CIHAZ_FIRSATI,63,12.71,636,535.66,PREMIUM,1,9,1,-0.234,0.5376,1
SUB-0059,SADAKAT,63,12.71,636,535.66,PREMIUM,1,9,1,-0.234,0.5195,1
SUB-0060,EK_PAKET,58,11.96,194,603.4,PREMIUM,4,5,1,0.012,0.5061,0
SUB-0060,TARIFE_YUKSELTME,58,11.96,194,603.4,PREMIUM,4,5,1,0.012,0.3497,0
SUB-0060,CIHAZ_FIRSATI,58,11.96,194,603.4,PREMIUM,4,5,1,0.012,0.8514,1
SUB-0060,SADAKAT,58,11.96,194,603.4,PREMIUM,4,5,1,0.012,0.7839,1
SUB-0061,EK_PAKET,78,47.11,943,312.69,EKONOMIK,6,7,0,0.161,0.99,1
SUB-0061,TARIFE_YUKSELTME,78,47.11,943,312.69,EKONOMIK,6,7,0,0.161,0.9457,1
SUB-0061,CIHAZ_FIRSATI,78,47.11,943,312.69,EKONOMIK,6,7,0,0.161,0.8656,1
SUB-0061,SADAKAT,78,47.11,943,312.69,EKONOMIK,6,7,0,0.161,0.9331,1
SUB-0062,EK_PAKET,63,5.56,74,325.0,STANDART,1,9,2,-0.384,0.1893,0
SUB-0062,TARIFE_YUKSELTME,63,5.56,74,325.0,STANDART,1,9,2,-0.384,0.1688,1
SUB-0062,CIHAZ_FIRSATI,63,5.56,74,325.0,STANDART,1,9,2,-0.384,0.458,0
SUB-0062,SADAKAT,63,5.56,74,325.0,STANDART,1,9,2,-0.384,0.4921,1
SUB-0063,EK_PAKET,31,2.98,188,277.29,STANDART,2,3,1,-0.074,0.266,0
SUB-0063,TARIFE_YUKSELTME,31,2.98,188,277.29,STANDART,2,3,1,-0.074,0.3007,0
SUB-0063,CIHAZ_FIRSATI,31,2.98,188,277.29,STANDART,2,3,1,-0.074,0.5208,1
SUB-0063,SADAKAT,31,2.98,188,277.29,STANDART,2,3,1,-0.074,0.6765,0
SUB-0064,EK_PAKET,82,13.99,391,354.79,STANDART,6,7,0,-0.164,0.5616,0
SUB-0064,TARIFE_YUKSELTME,82,13.99,391,354.79,STANDART,6,7,0,-0.164,0.5601,0
SUB-0064,CIHAZ_FIRSATI,82,13.99,391,354.79,STANDART,6,7,0,-0.164,0.732,1
SUB-0064,SADAKAT,82,13.99,391,354.79,STANDART,6,7,0,-0.164,0.736,1
SUB-0065,EK_PAKET,35,6.22,82,130.12,EKONOMIK,3,2,2,0.695,0.3151,0
SUB-0065,TARIFE_YUKSELTME,35,6.22,82,130.12,EKONOMIK,3,2,2,0.695,0.5452,0
SUB-0065,CIHAZ_FIRSATI,35,6.22,82,130.12,EKONOMIK,3,2,2,0.695,0.6305,1
SUB-0065,SADAKAT,35,6.22,82,130.12,EKONOMIK,3,2,2,0.695,0.7404,1
SUB-0066,EK_PAKET,28,1.21,270,123.46,EKONOMIK,2,2,0,0.019,0.3986,1
SUB-0066,TARIFE_YUKSELTME,28,1.21,270,123.46,EKONOMIK,2,2,0,0.019,0.469,1
SUB-0066,CIHAZ_FIRSATI,28,1.21,270,123.46,EKONOMIK,2,2,0,0.019,0.5876,1
SUB-0066,SADAKAT,28,1.21,270,123.46,EKONOMIK,2,2,0,0.019,0.5954,1
SUB-0067,EK_PAKET,77,4.55,725,495.87,PREMIUM,5,7,0,0.591,0.3612,1
SUB-0067,TARIFE_YUKSELTME,77,4.55,725,495.87,PREMIUM,5,7,0,0.591,0.3889,1
SUB-0067,CIHAZ_FIRSATI,77,4.55,725,495.87,PREMIUM,5,7,0,0.591,0.9656,1
SUB-0067,SADAKAT,77,4.55,725,495.87,PREMIUM,5,7,0,0.591,0.8571,1
SUB-0068,EK_PAKET,32,40.86,226,630.43,PREMIUM,1,4,1,-0.098,0.752,1
SUB-0068,TARIFE_YUKSELTME,32,40.86,226,630.43,PREMIUM,1,4,1,-0.098,0.6548,0
SUB-0068,CIHAZ_FIRSATI,32,40.86,226,630.43,PREMIUM,1,4,1,-0.098,0.547,1
SUB-0068,SADAKAT,32,40.86,226,630.43,PREMIUM,1,4,1,-0.098,0.5301,1
SUB-0069,EK_PAKET,7,5.44,749,530.96,PREMIUM,1,0,0,0.141,0.5282,0
SUB-0069,TARIFE_YUKSELTME,7,5.44,749,530.96,PREMIUM,1,0,0,0.141,0.4597,0
SUB-0069,CIHAZ_FIRSATI,7,5.44,749,530.96,PREMIUM,1,0,0,0.141,0.6284,0
SUB-0069,SADAKAT,7,5.44,749,530.96,PREMIUM,1,0,0,0.141,0.5601,1
SUB-0070,EK_PAKET,40,2.09,1756,515.4,PREMIUM,4,2,1,-0.492,0.303,1
SUB-0070,TARIFE_YUKSELTME,40,2.09,1756,515.4,PREMIUM,4,2,1,-0.492,0.1797,0
SUB-0070,CIHAZ_FIRSATI,40,2.09,1756,515.4,PREMIUM,4,2,1,-0.492,0.7375,1
SUB-0070,SADAKAT,40,2.09,1756,515.4,PREMIUM,4,2,1,-0.492,0.7721,0
SUB-0071,EK_PAKET,67,39.29,555,460.56,STANDART,4,7,0,-0.106,0.7815,1
SUB-0071,TARIFE_YUKSELTME,67,39.29,555,460.56,STANDART,4,7,0,-0.106,0.9209,1
SUB-0071,CIHAZ_FIRSATI,67,39.29,555,460.56,STANDART,4,7,0,-0.106,0.7013,0
SUB-0071,SADAKAT,67,39.29,555,460.56,STANDART,4,7,0,-0.106,0.6862,1
SUB-0072,EK_PAKET,16,4.4,740,341.28,STANDART,2,0,0,0.124,0.4716,0
SUB-0072,TARIFE_YUKSELTME,16,4.4,740,341.28,STANDART,2,0,0,0.124,0.6022,1
SUB-0072,CIHAZ_FIRSATI,16,4.4,740,341.28,STANDART,2,0,0,0.124,0.611,1
SUB-0072,SADAKAT,16,4.4,740,341.28,STANDART,2,0,0,0.124,0.7631,1
SUB-0073,EK_PAKET,39,55.88,965,569.44,STANDART,3,3,1,0.525,0.8358,0
SUB-0073,TARIFE_YUKSELTME,39,55.88,965,569.44,STANDART,3,3,1,0.525,0.99,1
SUB-0073,CIHAZ_FIRSATI,39,55.88,965,569.44,STANDART,3,3,1,0.525,0.7707,1
SUB-0073,SADAKAT,39,55.88,965,569.44,STANDART,3,3,1,0.525,0.7491,1
SUB-0074,EK_PAKET,11,8.44,291,283.0,STANDART,1,0,0,0.128,0.5544,0
SUB-0074,TARIFE_YUKSELTME,11,8.44,291,283.0,STANDART,1,0,0,0.128,0.5583,0
SUB-0074,CIHAZ_FIRSATI,11,8.44,291,283.0,STANDART,1,0,0,0.128,0.6067,1
SUB-0074,SADAKAT,11,8.44,291,283.0,STANDART,1,0,0,0.128,0.635,1
SUB-0075,EK_PAKET,58,32.19,728,419.77,STANDART,1,8,0,0.534,0.8831,1
SUB-0075,TARIFE_YUKSELTME,58,32.19,728,419.77,STANDART,1,8,0,0.534,0.8425,1
SUB-0075,CIHAZ_FIRSATI,58,32.19,728,419.77,STANDART,1,8,0,0.534,0.8501,1
SUB-0075,SADAKAT,58,32.19,728,419.77,STANDART,1,8,0,0.534,0.8312,1
SUB-0076,EK_PAKET,40,9.31,285,136.94,EKONOMIK,6,0,2,0.114,0.5909,1
SUB-0076,TARIFE_YUKSELTME,40,9.31,285,136.94,EKONOMIK,6,0,2,0.114,0.6388,1
SUB-0076,CIHAZ_FIRSATI,40,9.31,285,136.94,EKONOMIK,6,0,2,0.114,0.7204,1
SUB-0076,SADAKAT,40,9.31,285,136.94,EKONOMIK,6,0,2,0.114,0.8094,1
SUB-0077,EK_PAKET,28,15.16,526,329.13,STANDART,1,3,0,0.62,0.5324,1
SUB-0077,TARIFE_YUKSELTME,28,15.16,526,329.13,STANDART,1,3,0,0.62,0.6457,1
SUB-0077,CIHAZ_FIRSATI,28,15.16,526,329.13,STANDART,1,3,0,0.62,0.6652,1
SUB-0077,SADAKAT,28,15.16,526,329.13,STANDART,1,3,0,0.62,0.6622,1
SUB-0078,EK_PAKET,20,10.14,806,141.63,EKONOMIK,0,3,1,-0.051,0.1925,0
SUB-0078,TARIFE_YUKSELTME,20,10.14,806,141.63,EKONOMIK,0,3,1,-0.051,0.1533,0
SUB-0078,CIHAZ_FIRSATI,20,10.14,806,141.63,EKONOMIK,0,3,1,-0.051,0.3236,0
SUB-0078,SADAKAT,20,10.14,806,141.63,EKONOMIK,0,3,1,-0.051,0.495,0
SUB-0079,EK_PAKET,48,9.36,203,226.92,EKONOMIK,3,5,0,0.887,0.5731,0
SUB-0079,TARIFE_YUKSELTME,48,9.36,203,226.92,EKONOMIK,3,5,0,0.887,0.7242,1
SUB-0079,CIHAZ_FIRSATI,48,9.36,203,226.92,EKONOMIK,3,5,0,0.887,0.8118,1
SUB-0079,SADAKAT,48,9.36,203,226.92,EKONOMIK,3,5,0,0.887,0.8297,1
SUB-0080,EK_PAKET,57,13.21,27,334.01,STANDART,7,2,0,-0.12,0.8126,1
SUB-0080,TARIFE_YUKSELTME,57,13.21,27,334.01,STANDART,7,2,0,-0.12,0.631,1
SUB-0080,CIHAZ_FIRSATI,57,13.21,27,334.01,STANDART,7,2,0,-0.12,0.9744,1
SUB-0080,SADAKAT,57,13.21,27,334.01,STANDART,7,2,0,-0.12,0.9533,1
SUB-0081,EK_PAKET,79,15.53,186,321.15,STANDART,3,10,0,-0.218,0.484,0
SUB-0081,TARIFE_YUKSELTME,79,15.53,186,321.15,STANDART,3,10,0,-0.218,0.5479,0
SUB-0081,CIHAZ_FIRSATI,79,15.53,186,321.15,STANDART,3,10,0,-0.218,0.6428,1
SUB-0081,SADAKAT,79,15.53,186,321.15,STANDART,3,10,0,-0.218,0.6592,0
SUB-0082,EK_PAKET,37,12.52,889,224.1,EKONOMIK,6,0,0,-0.374,0.4533,0
SUB-0082,TARIFE_YUKSELTME,37,12.52,889,224.1,EKONOMIK,6,0,0,-0.374,0.8284,1
SUB-0082,CIHAZ_FIRSATI,37,12.52,889,224.1,EKONOMIK,6,0,0,-0.374,0.8634,1
SUB-0082,SADAKAT,37,12.52,889,224.1,EKONOMIK,6,0,0,-0.374,0.7722,1
SUB-0083,EK_PAKET,14,11.64,165,445.56,PREMIUM,0,2,1,0.786,0.3994,1
SUB-0083,TARIFE_YUKSELTME,14,11.64,165,445.56,PREMIUM,0,2,1,0.786,0.3715,1
SUB-0083,CIHAZ_FIRSATI,14,11.64,165,445.56,PREMIUM,0,2,1,0.786,0.4778,1
SUB-0083,SADAKAT,14,11.64,165,445.56,PREMIUM,0,2,1,0.786,0.4668,1
SUB-0084,EK_PAKET,70,6.27,855,427.63,PREMIUM,8,3,0,0.337,0.4818,0
SUB-0084,TARIFE_YUKSELTME,70,6.27,855,427.63,PREMIUM,8,3,0,0.337,0.4576,1
SUB-0084,CIHAZ_FIRSATI,70,6.27,855,427.63,PREMIUM,8,3,0,0.337,0.99,1
SUB-0084,SADAKAT,70,6.27,855,427.63,PREMIUM,8,3,0,0.337,0.945,1
SUB-0085,EK_PAKET,53,10.42,186,198.73,EKONOMIK,3,5,1,-0.147,0.4517,1
SUB-0085,TARIFE_YUKSELTME,53,10.42,186,198.73,EKONOMIK,3,5,1,-0.147,0.4698,1
SUB-0085,CIHAZ_FIRSATI,53,10.42,186,198.73,EKONOMIK,3,5,1,-0.147,0.6009,1
SUB-0085,SADAKAT,53,10.42,186,198.73,EKONOMIK,3,5,1,-0.147,0.7906,1
SUB-0086,EK_PAKET,59,29.68,349,255.99,EKONOMIK,3,6,0,0.487,0.7654,1
SUB-0086,TARIFE_YUKSELTME,59,29.68,349,255.99,EKONOMIK,3,6,0,0.487,0.8385,0
SUB-0086,CIHAZ_FIRSATI,59,29.68,349,255.99,EKONOMIK,3,6,0,0.487,0.8213,1
SUB-0086,SADAKAT,59,29.68,349,255.99,EKONOMIK,3,6,0,0.487,0.8062,0
SUB-0087,EK_PAKET,9,6.04,412,157.18,EKONOMIK,1,0,1,0.211,0.3201,0
SUB-0087,TARIFE_YUKSELTME,9,6.04,412,157.18,EKONOMIK,1,0,1,0.211,0.7138,1
SUB-0087,CIHAZ_FIRSATI,9,6.04,412,157.18,EKONOMIK,1,0,1,0.211,0.3873,1
SUB-0087,SADAKAT,9,6.04,412,157.18,EKONOMIK,1,0,1,0.211,0.706,0
SUB-0088,EK_PAKET,27,13.48,164,267.6,STANDART,1,3,1,0.658,0.4475,1
SUB-0088,TARIFE_YUKSELTME,27,13.48,164,267.6,STANDART,1,3,1,0.658,0.5306,0
SUB-0088,CIHAZ_FIRSATI,27,13.48,164,267.6,STANDART,1,3,1,0.658,0.7127,1
SUB-0088,SADAKAT,27,13.48,164,267.6,STANDART,1,3,1,0.658,0.6512,1
SUB-0089,EK_PAKET,65,24.08,352,587.42,PREMIUM,5,5,1,-0.572,0.4844,1
SUB-0089,TARIFE_YUKSELTME,65,24.08,352,587.42,PREMIUM,5,5,1,-0.572,0.2567,0
SUB-0089,CIHAZ_FIRSATI,65,24.08,352,587.42,PREMIUM,5,5,1,-0.572,0.7879,0
SUB-0089,SADAKAT,65,24.08,352,587.42,PREMIUM,5,5,1,-0.572,0.5973,1
SUB-0090,EK_PAKET,70,15.62,88,270.41,EKONOMIK,6,5,0,-0.043,0.6395,0
SUB-0090,TARIFE_YUKSELTME,70,15.62,88,270.41,EKONOMIK,6,5,0,-0.043,0.7011,0
SUB-0090,CIHAZ_FIRSATI,70,15.62,88,270.41,EKONOMIK,6,5,0,-0.043,0.7813,0
SUB-0090,SADAKAT,70,15.62,88,270.41,EKONOMIK,6,5,0,-0.043,0.795,1
SUB-0091,EK_PAKET,37,20.65,313,385.91,STANDART,1,5,1,-0.192,0.502,0
SUB-0091,TARIFE_YUKSELTME,37,20.65,313,385.91,STANDART,1,5,1,-0.192,0.4479,0
SUB-0091,CIHAZ_FIRSATI,37,20.65,313,385.91,STANDART,1,5,1,-0.192,0.5515,1
SUB-0091,SADAKAT,37,20.65,313,385.91,STANDART,1,5,1,-0.192,0.6982,1
SUB-0092,EK_PAKET,68,4.34,386,146.32,EKONOMIK,1,10,0,-0.641,0.1698,1
SUB-0092,TARIFE_YUKSELTME,68,4.34,386,146.32,EKONOMIK,1,10,0,-0.641,0.2024,0
SUB-0092,CIHAZ_FIRSATI,68,4.34,386,146.32,EKONOMIK,1,10,0,-0.641,0.7169,1
SUB-0092,SADAKAT,68,4.34,386,146.32,EKONOMIK,1,10,0,-0.641,0.6388,1
SUB-0093,EK_PAKET,71,13.5,29,303.21,STANDART,3,8,2,0.261,0.3036,0
SUB-0093,TARIFE_YUKSELTME,71,13.5,29,303.21,STANDART,3,8,2,0.261,0.3772,0
SUB-0093,CIHAZ_FIRSATI,71,13.5,29,303.21,STANDART,3,8,2,0.261,0.5398,0
SUB-0093,SADAKAT,71,13.5,29,303.21,STANDART,3,8,2,0.261,0.6831,0
SUB-0094,EK_PAKET,33,8.97,184,504.59,PREMIUM,1,4,4,-0.365,0.01,0
SUB-0094,TARIFE_YUKSELTME,33,8.97,184,504.59,PREMIUM,1,4,4,-0.365,0.1996,0
SUB-0094,CIHAZ_FIRSATI,33,8.97,184,504.59,PREMIUM,1,4,4,-0.365,0.3344,1
SUB-0094,SADAKAT,33,8.97,184,504.59,PREMIUM,1,4,4,-0.365,0.3668,1
SUB-0095,EK_PAKET,76,9.26,515,76.5,EKONOMIK,3,9,1,0.229,0.3275,0
SUB-0095,TARIFE_YUKSELTME,76,9.26,515,76.5,EKONOMIK,3,9,1,0.229,0.4546,0
SUB-0095,CIHAZ_FIRSATI,76,9.26,515,76.5,EKONOMIK,3,9,1,0.229,0.6489,0
SUB-0095,SADAKAT,76,9.26,515,76.5,EKONOMIK,3,9,1,0.229,0.707,1
SUB-0096,EK_PAKET,25,28.11,146,256.81,EKONOMIK,2,2,1,0.796,0.9631,1
SUB-0096,TARIFE_YUKSELTME,25,28.11,146,256.81,EKONOMIK,2,2,1,0.796,0.99,1
SUB-0096,CIHAZ_FIRSATI,25,28.11,146,256.81,EKONOMIK,2,2,1,0.796,0.8134,1
SUB-0096,SADAKAT,25,28.11,146,256.81,EKONOMIK,2,2,1,0.796,0.9601,1
SUB-0097,EK_PAKET,21,9.37,579,335.98,STANDART,2,1,0,-0.074,0.4577,0
SUB-0097,TARIFE_YUKSELTME,21,9.37,579,335.98,STANDART,2,1,0,-0.074,0.6199,0
SUB-0097,CIHAZ_FIRSATI,21,9.37,579,335.98,STANDART,2,1,0,-0.074,0.5944,0
SUB-0097,SADAKAT,21,9.37,579,335.98,STANDART,2,1,0,-0.074,0.7419,0
SUB-0098,EK_PAKET,58,13.81,620,259.1,STANDART,2,7,0,-0.097,0.363,0
SUB-0098,TARIFE_YUKSELTME,58,13.81,620,259.1,STANDART,2,7,0,-0.097,0.5979,1
SUB-0098,CIHAZ_FIRSATI,58,13.81,620,259.1,STANDART,2,7,0,-0.097,0.7268,1
SUB-0098,SADAKAT,58,13.81,620,259.1,STANDART,2,7,0,-0.097,0.7019,0
SUB-0099,EK_PAKET,54,2.09,513,462.95,PREMIUM,5,4,1,0.012,0.3163,1
SUB-0099,TARIFE_YUKSELTME,54,2.09,513,462.95,PREMIUM,5,4,1,0.012,0.0748,0
SUB-0099,CIHAZ_FIRSATI,54,2.09,513,462.95,PREMIUM,5,4,1,0.012,0.7566,0
SUB-0099,SADAKAT,54,2.09,513,462.95,PREMIUM,5,4,1,0.012,0.793,0
SUB-0100,EK_PAKET,12,32.17,721,578.45,PREMIUM,0,2,3,0.156,0.6231,0
SUB-0100,TARIFE_YUKSELTME,12,32.17,721,578.45,PREMIUM,0,2,3,0.156,0.3041,1
SUB-0100,CIHAZ_FIRSATI,12,32.17,721,578.45,PREMIUM,0,2,3,0.156,0.3166,1
SUB-0100,SADAKAT,12,32.17,721,578.45,PREMIUM,0,2,3,0.156,0.3305,0
SUB-0101,EK_PAKET,70,19.88,82,170.84,EKONOMIK,5,6,2,-0.308,0.4161,1
SUB-0101,TARIFE_YUKSELTME,70,19.88,82,170.84,EKONOMIK,5,6,2,-0.308,0.3788,0
SUB-0101,CIHAZ_FIRSATI,70,19.88,82,170.84,EKONOMIK,5,6,2,-0.308,0.7426,1
SUB-0101,SADAKAT,70,19.88,82,170.84,EKONOMIK,5,6,2,-0.308,0.6648,0
SUB-0102,EK_PAKET,17,10.7,831,170.31,EKONOMIK,1,1,1,-0.251,0.3673,0
SUB-0102,TARIFE_YUKSELTME,17,10.7,831,170.31,EKONOMIK,1,1,1,-0.251,0.4215,1
SUB-0102,CIHAZ_FIRSATI,17,10.7,831,170.31,EKONOMIK,1,1,1,-0.251,0.381,1
SUB-0102,SADAKAT,17,10.7,831,170.31,EKONOMIK,1,1,1,-0.251,0.586,1
SUB-0103,EK_PAKET,68,8.68,166,215.67,STANDART,5,6,1,0.34,0.3389,0
SUB-0103,TARIFE_YUKSELTME,68,8.68,166,215.67,STANDART,5,6,1,0.34,0.5498,0
SUB-0103,CIHAZ_FIRSATI,68,8.68,166,215.67,STANDART,5,6,1,0.34,0.8216,0
SUB-0103,SADAKAT,68,8.68,166,215.67,STANDART,5,6,1,0.34,0.86,1
SUB-0104,EK_PAKET,1,16.69,449,219.66,EKONOMIK,0,0,0,0.183,0.6043,1
SUB-0104,TARIFE_YUKSELTME,1,16.69,449,219.66,EKONOMIK,0,0,0,0.183,0.7968,0
SUB-0104,CIHAZ_FIRSATI,1,16.69,449,219.66,EKONOMIK,0,0,0,0.183,0.5262,1
SUB-0104,SADAKAT,1,16.69,449,219.66,EKONOMIK,0,0,0,0.183,0.4896,0
SUB-0105,EK_PAKET,67,23.89,1308,617.66,PREMIUM,5,6,0,-0.666,0.5587,1
SUB-0105,TARIFE_YUKSELTME,67,23.89,1308,617.66,PREMIUM,5,6,0,-0.666,0.3798,0
SUB-0105,CIHAZ_FIRSATI,67,23.89,1308,617.66,PREMIUM,5,6,0,-0.666,0.7644,1
SUB-0105,SADAKAT,67,23.89,1308,617.66,PREMIUM,5,6,0,-0.666,0.6385,1
SUB-0106,EK_PAKET,67,32.44,308,395.94,STANDART,1,10,0,-0.379,0.6684,1
SUB-0106,TARIFE_YUKSELTME,67,32.44,308,395.94,STANDART,1,10,0,-0.379,0.6436,0
SUB-0106,CIHAZ_FIRSATI,67,32.44,308,395.94,STANDART,1,10,0,-0.379,0.7831,1
SUB-0106,SADAKAT,67,32.44,308,395.94,STANDART,1,10,0,-0.379,0.5769,1
SUB-0107,EK_PAKET,66,19.45,420,108.3,EKONOMIK,3,8,0,0.575,0.5973,0
SUB-0107,TARIFE_YUKSELTME,66,19.45,420,108.3,EKONOMIK,3,8,0,0.575,0.6958,0
SUB-0107,CIHAZ_FIRSATI,66,19.45,420,108.3,EKONOMIK,3,8,0,0.575,0.8101,1
SUB-0107,SADAKAT,66,19.45,420,108.3,EKONOMIK,3,8,0,0.575,0.8516,1
SUB-0108,EK_PAKET,56,11.75,167,493.04,PREMIUM,3,6,1,0.111,0.442,1
SUB-0108,TARIFE_YUKSELTME,56,11.75,167,493.04,PREMIUM,3,6,1,0.111,0.2363,1
SUB-0108,CIHAZ_FIRSATI,56,11.75,167,493.04,PREMIUM,3,6,1,0.111,0.7788,1
SUB-0108,SADAKAT,56,11.75,167,493.04,PREMIUM,3,6,1,0.111,0.7693,1
SUB-0109,EK_PAKET,40,21.43,1299,265.74,EKONOMIK,2,4,0,-0.217,0.5254,1
SUB-0109,TARIFE_YUKSELTME,40,21.43,1299,265.74,EKONOMIK,2,4,0,-0.217,0.577,1
SUB-0109,CIHAZ_FIRSATI,40,21.43,1299,265.74,EKONOMIK,2,4,0,-0.217,0.5305,1
SUB-0109,SADAKAT,40,21.43,1299,265.74,EKONOMIK,2,4,0,-0.217,0.5655,1
SUB-0110,EK_PAKET,60,18.92,185,234.0,STANDART,5,5,1,-0.09,0.6562,0
SUB-0110,TARIFE_YUKSELTME,60,18.92,185,234.0,STANDART,5,5,1,-0.09,0.6599,1
SUB-0110,CIHAZ_FIRSATI,60,18.92,185,234.0,STANDART,5,5,1,-0.09,0.8945,1
SUB-0110,SADAKAT,60,18.92,185,234.0,STANDART,5,5,1,-0.09,0.8738,1
SUB-0111,EK_PAKET,24,11.79,659,299.14,STANDART,2,2,2,-0.105,0.4318,1
SUB-0111,TARIFE_YUKSELTME,24,11.79,659,299.14,STANDART,2,2,2,-0.105,0.4644,1
SUB-0111,CIHAZ_FIRSATI,24,11.79,659,299.14,STANDART,2,2,2,-0.105,0.4939,0
SUB-0111,SADAKAT,24,11.79,659,299.14,STANDART,2,2,2,-0.105,0.3342,0
SUB-0112,EK_PAKET,66,18.55,964,296.28,STANDART,3,8,1,0.228,0.5208,1
SUB-0112,TARIFE_YUKSELTME,66,18.55,964,296.28,STANDART,3,8,1,0.228,0.5255,1
SUB-0112,CIHAZ_FIRSATI,66,18.55,964,296.28,STANDART,3,8,1,0.228,0.6527,0
SUB-0112,SADAKAT,66,18.55,964,296.28,STANDART,3,8,1,0.228,0.7452,1
SUB-0113,EK_PAKET,47,18.32,704,374.63,STANDART,0,7,4,-0.745,0.0929,0
SUB-0113,TARIFE_YUKSELTME,47,18.32,704,374.63,STANDART,0,7,4,-0.745,0.1598,0
SUB-0113,CIHAZ_FIRSATI,47,18.32,704,374.63,STANDART,0,7,4,-0.745,0.2097,0
SUB-0113,SADAKAT,47,18.32,704,374.63,STANDART,0,7,4,-0.745,0.3118,0
SUB-0114,EK_PAKET,39,10.66,537,280.97,STANDART,0,6,1,-0.324,0.1884,0
SUB-0114,TARIFE_YUKSELTME,39,10.66,537,280.97,STANDART,0,6,1,-0.324,0.3231,1
SUB-0114,CIHAZ_FIRSATI,39,10.66,537,280.97,STANDART,0,6,1,-0.324,0.4283,0
SUB-0114,SADAKAT,39,10.66,537,280.97,STANDART,0,6,1,-0.324,0.2707,1
SUB-0115,EK_PAKET,43,7.47,444,529.75,PREMIUM,2,5,2,-0.014,0.2845,1
SUB-0115,TARIFE_YUKSELTME,43,7.47,444,529.75,PREMIUM,2,5,2,-0.014,0.0695,1
SUB-0115,CIHAZ_FIRSATI,43,7.47,444,529.75,PREMIUM,2,5,2,-0.014,0.506,0
SUB-0115,SADAKAT,43,7.47,444,529.75,PREMIUM,2,5,2,-0.014,0.459,1
SUB-0116,EK_PAKET,48,17.28,125,580.38,PREMIUM,5,3,0,0.015,0.7347,0
SUB-0116,TARIFE_YUKSELTME,48,17.28,125,580.38,PREMIUM,5,3,0,0.015,0.3411,0
SUB-0116,CIHAZ_FIRSATI,48,17.28,125,580.38,PREMIUM,5,3,0,0.015,0.887,1
SUB-0116,SADAKAT,48,17.28,125,580.38,PREMIUM,5,3,0,0.015,0.9798,1
SUB-0117,EK_PAKET,4,4.78,1261,354.94,STANDART,0,0,1,0.17,0.4021,1
SUB-0117,TARIFE_YUKSELTME,4,4.78,1261,354.94,STANDART,0,0,1,0.17,0.5132,0
SUB-0117,CIHAZ_FIRSATI,4,4.78,1261,354.94,STANDART,0,0,1,0.17,0.4341,0
SUB-0117,SADAKAT,4,4.78,1261,354.94,STANDART,0,0,1,0.17,0.3482,1
SUB-0118,EK_PAKET,12,3.89,505,129.41,EKONOMIK,0,2,0,-0.38,0.2282,0
SUB-0118,TARIFE_YUKSELTME,12,3.89,505,129.41,EKONOMIK,0,2,0,-0.38,0.2219,0
SUB-0118,CIHAZ_FIRSATI,12,3.89,505,129.41,EKONOMIK,0,2,0,-0.38,0.2324,0
SUB-0118,SADAKAT,12,3.89,505,129.41,EKONOMIK,0,2,0,-0.38,0.3968,0
SUB-0119,EK_PAKET,21,13.96,421,337.85,STANDART,0,3,0,0.175,0.3694,0
SUB-0119,TARIFE_YUKSELTME,21,13.96,421,337.85,STANDART,0,3,0,0.175,0.5058,1
SUB-0119,CIHAZ_FIRSATI,21,13.96,421,337.85,STANDART,0,3,0,0.175,0.4509,1
SUB-0119,SADAKAT,21,13.96,421,337.85,STANDART,0,3,0,0.175,0.4997,1
SUB-0120,EK_PAKET,10,16.97,154,496.95,PREMIUM,1,0,1,0.352,0.6371,1
SUB-0120,TARIFE_YUKSELTME,10,16.97,154,496.95,PREMIUM,1,0,1,0.352,0.4739,1
SUB-0120,CIHAZ_FIRSATI,10,16.97,154,496.95,PREMIUM,1,0,1,0.352,0.7538,1
SUB-0120,SADAKAT,10,16.97,154,496.95,PREMIUM,1,0,1,0.352,0.6765,1
SUB-0121,EK_PAKET,37,13.88,436,230.1,EKONOMIK,2,4,0,0.22,0.5215,1
SUB-0121,TARIFE_YUKSELTME,37,13.88,436,230.1,EKONOMIK,2,4,0,0.22,0.6929,1
SUB-0121,CIHAZ_FIRSATI,37,13.88,436,230.1,EKONOMIK,2,4,0,0.22,0.7136,0
SUB-0121,SADAKAT,37,13.88,436,230.1,EKONOMIK,2,4,0,0.22,0.7803,1
SUB-0122,EK_PAKET,57,14.95,400,296.84,STANDART,8,1,0,0.099,0.6209,0
SUB-0122,TARIFE_YUKSELTME,57,14.95,400,296.84,STANDART,8,1,0,0.099,0.71,1
SUB-0122,CIHAZ_FIRSATI,57,14.95,400,296.84,STANDART,8,1,0,0.099,0.9837,1
SUB-0122,SADAKAT,57,14.95,400,296.84,STANDART,8,1,0,0.099,0.9549,1
SUB-0123,EK_PAKET,55,16.78,1308,313.06,STANDART,8,1,1,-0.064,0.678,1
SUB-0123,TARIFE_YUKSELTME,55,16.78,1308,313.06,STANDART,8,1,1,-0.064,0.7738,0
SUB-0123,CIHAZ_FIRSATI,55,16.78,1308,313.06,STANDART,8,1,1,-0.064,0.9288,1
SUB-0123,SADAKAT,55,16.78,1308,313.06,STANDART,8,1,1,-0.064,0.9604,1
SUB-0124,EK_PAKET,40,28.18,420,245.92,EKONOMIK,3,3,0,-0.242,0.8373,1
SUB-0124,TARIFE_YUKSELTME,40,28.18,420,245.92,EKONOMIK,3,3,0,-0.242,0.7042,1
SUB-0124,CIHAZ_FIRSATI,40,28.18,420,245.92,EKONOMIK,3,3,0,-0.242,0.525,1
SUB-0124,SADAKAT,40,28.18,420,245.92,EKONOMIK,3,3,0,-0.242,0.6111,1
SUB-0125,EK_PAKET,72,19.67,431,286.01,STANDART,5,7,0,0.025,0.5446,0
SUB-0125,TARIFE_YUKSELTME,72,19.67,431,286.01,STANDART,5,7,0,0.025,0.6715,0
SUB-0125,CIHAZ_FIRSATI,72,19.67,431,286.01,STANDART,5,7,0,0.025,0.8061,1
SUB-0125,SADAKAT,72,19.67,431,286.01,STANDART,5,7,0,0.025,0.7769,1
SUB-0126,EK_PAKET,48,19.28,156,355.92,STANDART,6,2,1,0.411,0.7765,1
SUB-0126,TARIFE_YUKSELTME,48,19.28,156,355.92,STANDART,6,2,1,0.411,0.9821,1
SUB-0126,CIHAZ_FIRSATI,48,19.28,156,355.92,STANDART,6,2,1,0.411,0.8917,1
SUB-0126,SADAKAT,48,19.28,156,355.92,STANDART,6,2,1,0.411,0.8856,1
SUB-0127,EK_PAKET,7,13.22,219,358.19,STANDART,0,1,1,-0.072,0.3963,1
SUB-0127,TARIFE_YUKSELTME,7,13.22,219,358.19,STANDART,0,1,1,-0.072,0.4129,0
SUB-0127,CIHAZ_FIRSATI,7,13.22,219,358.19,STANDART,0,1,1,-0.072,0.4118,0
SUB-0127,SADAKAT,7,13.22,219,358.19,STANDART,0,1,1,-0.072,0.36,0
SUB-0128,EK_PAKET,65,13.57,604,552.76,PREMIUM,5,5,1,-0.341,0.376,1
SUB-0128,TARIFE_YUKSELTME,65,13.57,604,552.76,PREMIUM,5,5,1,-0.341,0.1918,1
SUB-0128,CIHAZ_FIRSATI,65,13.57,604,552.76,PREMIUM,5,5,1,-0.341,0.8605,1
SUB-0128,SADAKAT,65,13.57,604,552.76,PREMIUM,5,5,1,-0.341,0.7549,0
SUB-0129,EK_PAKET,49,10.03,65,461.6,PREMIUM,7,1,1,-0.202,0.4939,0
SUB-0129,TARIFE_YUKSELTME,49,10.03,65,461.6,PREMIUM,7,1,1,-0.202,0.3893,0
SUB-0129,CIHAZ_FIRSATI,49,10.03,65,461.6,PREMIUM,7,1,1,-0.202,0.8967,0
SUB-0129,SADAKAT,49,10.03,65,461.6,PREMIUM,7,1,1,-0.202,0.8461,0
SUB-0130,EK_PAKET,54,14.65,828,320.95,STANDART,0,9,3,-0.12,0.138,0
SUB-0130,TARIFE_YUKSELTME,54,14.65,828,320.95,STANDART,0,9,3,-0.12,0.162,0
SUB-0130,CIHAZ_FIRSATI,54,14.65,828,320.95,STANDART,0,9,3,-0.12,0.435,0
SUB-0130,SADAKAT,54,14.65,828,320.95,STANDART,0,9,3,-0.12,0.3586,1
SUB-0131,EK_PAKET,48,4.57,843,170.25,EKONOMIK,3,5,0,-0.081,0.2602,0
SUB-0131,TARIFE_YUKSELTME,48,4.57,843,170.25,EKONOMIK,3,5,0,-0.081,0.32,0
SUB-0131,CIHAZ_FIRSATI,48,4.57,843,170.25,EKONOMIK,3,5,0,-0.081,0.5457,0
SUB-0131,SADAKAT,48,4.57,843,170.25,EKONOMIK,3,5,0,-0.081,0.6798,1
SUB-0132,EK_PAKET,47,28.26,199,312.06,STANDART,5,2,2,0.06,0.8604,1
SUB-0132,TARIFE_YUKSELTME,47,28.26,199,312.06,STANDART,5,2,2,0.06,0.8464,0
SUB-0132,CIHAZ_FIRSATI,47,28.26,199,312.06,STANDART,5,2,2,0.06,0.8951,1
SUB-0132,SADAKAT,47,28.26,199,312.06,STANDART,5,2,2,0.06,0.6544,1
SUB-0133,EK_PAKET,8,5.72,538,462.76,PREMIUM,0,1,1,0.153,0.3515,1
SUB-0133,TARIFE_YUKSELTME,8,5.72,538,462.76,PREMIUM,0,1,1,0.153,0.1275,0
SUB-0133,CIHAZ_FIRSATI,8,5.72,538,462.76,PREMIUM,0,1,1,0.153,0.3762,0
SUB-0133,SADAKAT,8,5.72,538,462.76,PREMIUM,0,1,1,0.153,0.5013,0
SUB-0134,EK_PAKET,47,19.65,986,383.47,STANDART,2,5,2,0.201,0.4813,0
SUB-0134,TARIFE_YUKSELTME,47,19.65,986,383.47,STANDART,2,5,2,0.201,0.3941,0
SUB-0134,CIHAZ_FIRSATI,47,19.65,986,383.47,STANDART,2,5,2,0.201,0.7188,1
SUB-0134,SADAKAT,47,19.65,986,383.47,STANDART,2,5,2,0.201,0.6316,1
SUB-0135,EK_PAKET,67,26.01,375,607.84,PREMIUM,4,7,1,0.468,0.7344,1
SUB-0135,TARIFE_YUKSELTME,67,26.01,375,607.84,PREMIUM,4,7,1,0.468,0.4004,1
SUB-0135,CIHAZ_FIRSATI,67,26.01,375,607.84,PREMIUM,4,7,1,0.468,0.8878,1
SUB-0135,SADAKAT,67,26.01,375,607.84,PREMIUM,4,7,1,0.468,0.8978,1
SUB-0136,EK_PAKET,26,19.62,322,224.75,EKONOMIK,1,3,0,0.399,0.6664,1
SUB-0136,TARIFE_YUKSELTME,26,19.62,322,224.75,EKONOMIK,1,3,0,0.399,0.5626,1
SUB-0136,CIHAZ_FIRSATI,26,19.62,322,224.75,EKONOMIK,1,3,0,0.399,0.6378,1
SUB-0136,SADAKAT,26,19.62,322,224.75,EKONOMIK,1,3,0,0.399,0.6539,0
SUB-0137,EK_PAKET,51,43.17,355,748.64,PREMIUM,4,4,0,-0.277,0.8887,1
SUB-0137,TARIFE_YUKSELTME,51,43.17,355,748.64,PREMIUM,4,4,0,-0.277,0.7552,1
SUB-0137,CIHAZ_FIRSATI,51,43.17,355,748.64,PREMIUM,4,4,0,-0.277,0.7986,0
SUB-0137,SADAKAT,51,43.17,355,748.64,PREMIUM,4,4,0,-0.277,0.7551,1
SUB-0138,EK_PAKET,3,1.5,504,145.47,EKONOMIK,0,0,1,-0.346,0.205,0
SUB-0138,TARIFE_YUKSELTME,3,1.5,504,145.47,EKONOMIK,0,0,1,-0.346,0.343,1
SUB-0138,CIHAZ_FIRSATI,3,1.5,504,145.47,EKONOMIK,0,0,1,-0.346,0.3991,1
SUB-0138,SADAKAT,3,1.5,504,145.47,EKONOMIK,0,0,1,-0.346,0.34,0
SUB-0139,EK_PAKET,30,7.85,245,181.65,EKONOMIK,0,5,1,-0.057,0.3656,1
SUB-0139,TARIFE_YUKSELTME,30,7.85,245,181.65,EKONOMIK,0,5,1,-0.057,0.3324,0
SUB-0139,CIHAZ_FIRSATI,30,7.85,245,181.65,EKONOMIK,0,5,1,-0.057,0.477,1
SUB-0139,SADAKAT,30,7.85,245,181.65,EKONOMIK,0,5,1,-0.057,0.4913,1
SUB-0140,EK_PAKET,37,25.73,300,484.22,STANDART,3,3,0,-0.108,0.7746,1
SUB-0140,TARIFE_YUKSELTME,37,25.73,300,484.22,STANDART,3,3,0,-0.108,0.8071,1
SUB-0140,CIHAZ_FIRSATI,37,25.73,300,484.22,STANDART,3,3,0,-0.108,0.509,1
SUB-0140,SADAKAT,37,25.73,300,484.22,STANDART,3,3,0,-0.108,0.7462,0
SUB-0141,EK_PAKET,83,3.75,511,128.34,EKONOMIK,3,10,1,-0.428,0.0796,1
SUB-0141,TARIFE_YUKSELTME,83,3.75,511,128.34,EKONOMIK,3,10,1,-0.428,0.2381,0
SUB-0141,CIHAZ_FIRSATI,83,3.75,511,128.34,EKONOMIK,3,10,1,-0.428,0.5903,1
SUB-0141,SADAKAT,83,3.75,511,128.34,EKONOMIK,3,10,1,-0.428,0.6794,0
SUB-0142,EK_PAKET,19,5.87,280,114.5,EKONOMIK,2,1,0,-0.105,0.3751,1
SUB-0142,TARIFE_YUKSELTME,19,5.87,280,114.5,EKONOMIK,2,1,0,-0.105,0.4963,0
SUB-0142,CIHAZ_FIRSATI,19,5.87,280,114.5,EKONOMIK,2,1,0,-0.105,0.5446,0
SUB-0142,SADAKAT,19,5.87,280,114.5,EKONOMIK,2,1,0,-0.105,0.6441,1
SUB-0143,EK_PAKET,24,16.07,143,209.43,EKONOMIK,0,4,1,-0.196,0.3332,0
SUB-0143,TARIFE_YUKSELTME,24,16.07,143,209.43,EKONOMIK,0,4,1,-0.196,0.4491,1
SUB-0143,CIHAZ_FIRSATI,24,16.07,143,209.43,EKONOMIK,0,4,1,-0.196,0.2289,0
SUB-0143,SADAKAT,24,16.07,143,209.43,EKONOMIK,0,4,1,-0.196,0.3792,1
SUB-0144,EK_PAKET,35,11.65,58,329.99,STANDART,0,5,0,-0.185,0.4541,1
SUB-0144,TARIFE_YUKSELTME,35,11.65,58,329.99,STANDART,0,5,0,-0.185,0.3742,1
SUB-0144,CIHAZ_FIRSATI,35,11.65,58,329.99,STANDART,0,5,0,-0.185,0.5581,1
SUB-0144,SADAKAT,35,11.65,58,329.99,STANDART,0,5,0,-0.185,0.58,0
SUB-0145,EK_PAKET,84,15.4,427,308.25,STANDART,8,6,0,-0.061,0.6299,1
SUB-0145,TARIFE_YUKSELTME,84,15.4,427,308.25,STANDART,8,6,0,-0.061,0.8088,1
SUB-0145,CIHAZ_FIRSATI,84,15.4,427,308.25,STANDART,8,6,0,-0.061,0.8621,1
SUB-0145,SADAKAT,84,15.4,427,308.25,STANDART,8,6,0,-0.061,0.8886,1
SUB-0146,EK_PAKET,72,12.37,944,134.38,EKONOMIK,6,6,1,0.382,0.5439,0
SUB-0146,TARIFE_YUKSELTME,72,12.37,944,134.38,EKONOMIK,6,6,1,0.382,0.6972,1
SUB-0146,CIHAZ_FIRSATI,72,12.37,944,134.38,EKONOMIK,6,6,1,0.382,0.7588,1
SUB-0146,SADAKAT,72,12.37,944,134.38,EKONOMIK,6,6,1,0.382,0.9816,1
SUB-0147,EK_PAKET,3,13.19,558,411.73,STANDART,0,0,3,-0.12,0.2945,0
SUB-0147,TARIFE_YUKSELTME,3,13.19,558,411.73,STANDART,0,0,3,-0.12,0.5424,1
SUB-0147,CIHAZ_FIRSATI,3,13.19,558,411.73,STANDART,0,0,3,-0.12,0.2197,0
SUB-0147,SADAKAT,3,13.19,558,411.73,STANDART,0,0,3,-0.12,0.3563,1
SUB-0148,EK_PAKET,20,6.36,148,521.69,PREMIUM,1,2,1,0.835,0.4432,0
SUB-0148,TARIFE_YUKSELTME,20,6.36,148,521.69,PREMIUM,1,2,1,0.835,0.35,1
SUB-0148,CIHAZ_FIRSATI,20,6.36,148,521.69,PREMIUM,1,2,1,0.835,0.7043,1
SUB-0148,SADAKAT,20,6.36,148,521.69,PREMIUM,1,2,1,0.835,0.6922,1
SUB-0149,EK_PAKET,70,12.89,218,148.72,EKONOMIK,3,8,1,0.03,0.3159,0
SUB-0149,TARIFE_YUKSELTME,70,12.89,218,148.72,EKONOMIK,3,8,1,0.03,0.3362,1
SUB-0149,CIHAZ_FIRSATI,70,12.89,218,148.72,EKONOMIK,3,8,1,0.03,0.5634,1
SUB-0149,SADAKAT,70,12.89,218,148.72,EKONOMIK,3,8,1,0.03,0.587,1
SUB-0150,EK_PAKET,5,8.27,320,193.86,EKONOMIK,0,0,0,-0.052,0.3684,0
SUB-0150,TARIFE_YUKSELTME,5,8.27,320,193.86,EKONOMIK,0,0,0,-0.052,0.4825,0
SUB-0150,CIHAZ_FIRSATI,5,8.27,320,193.86,EKONOMIK,0,0,0,-0.052,0.4016,0
SUB-0150,SADAKAT,5,8.27,320,193.86,EKONOMIK,0,0,0,-0.052,0.5097,1
SUB-0151,EK_PAKET,72,9.16,1336,516.85,PREMIUM,4,8,0,0.051,0.3518,0
SUB-0151,TARIFE_YUKSELTME,72,9.16,1336,516.85,PREMIUM,4,8,0,0.051,0.1834,0
SUB-0151,CIHAZ_FIRSATI,72,9.16,1336,516.85,PREMIUM,4,8,0,0.051,0.8162,1
SUB-0151,SADAKAT,72,9.16,1336,516.85,PREMIUM,4,8,0,0.051,0.8477,1
SUB-0152,EK_PAKET,24,19.47,1384,557.5,PREMIUM,1,3,1,0.06,0.4939,1
SUB-0152,TARIFE_YUKSELTME,24,19.47,1384,557.5,PREMIUM,1,3,1,0.06,0.3129,0
SUB-0152,CIHAZ_FIRSATI,24,19.47,1384,557.5,PREMIUM,1,3,1,0.06,0.5715,1
SUB-0152,SADAKAT,24,19.47,1384,557.5,PREMIUM,1,3,1,0.06,0.4314,1
SUB-0153,EK_PAKET,78,3.58,1278,298.6,STANDART,9,4,0,0.202,0.4543,0
SUB-0153,TARIFE_YUKSELTME,78,3.58,1278,298.6,STANDART,9,4,0,0.202,0.5228,0
SUB-0153,CIHAZ_FIRSATI,78,3.58,1278,298.6,STANDART,9,4,0,0.202,0.99,1
SUB-0153,SADAKAT,78,3.58,1278,298.6,STANDART,9,4,0,0.202,0.99,1
SUB-0154,EK_PAKET,25,0.89,460,432.35,PREMIUM,4,0,0,0.777,0.5342,0
SUB-0154,TARIFE_YUKSELTME,25,0.89,460,432.35,PREMIUM,4,0,0,0.777,0.4438,0
SUB-0154,CIHAZ_FIRSATI,25,0.89,460,432.35,PREMIUM,4,0,0,0.777,0.9793,1
SUB-0154,SADAKAT,25,0.89,460,432.35,PREMIUM,4,0,0,0.777,0.9276,0
SUB-0155,EK_PAKET,37,18.54,2515,217.51,EKONOMIK,0,6,1,-0.326,0.3924,1
SUB-0155,TARIFE_YUKSELTME,37,18.54,2515,217.51,EKONOMIK,0,6,1,-0.326,0.3297,0
SUB-0155,CIHAZ_FIRSATI,37,18.54,2515,217.51,EKONOMIK,0,6,1,-0.326,0.5559,0
SUB-0155,SADAKAT,37,18.54,2515,217.51,EKONOMIK,0,6,1,-0.326,0.3835,1
SUB-0156,EK_PAKET,56,12.9,228,394.57,STANDART,5,4,1,0.271,0.4899,1
SUB-0156,TARIFE_YUKSELTME,56,12.9,228,394.57,STANDART,5,4,1,0.271,0.5021,0
SUB-0156,CIHAZ_FIRSATI,56,12.9,228,394.57,STANDART,5,4,1,0.271,0.8466,1
SUB-0156,SADAKAT,56,12.9,228,394.57,STANDART,5,4,1,0.271,0.9147,1
SUB-0157,EK_PAKET,11,25.99,310,395.6,STANDART,1,0,0,0.123,0.8845,1
SUB-0157,TARIFE_YUKSELTME,11,25.99,310,395.6,STANDART,1,0,0,0.123,0.8706,0
SUB-0157,CIHAZ_FIRSATI,11,25.99,310,395.6,STANDART,1,0,0,0.123,0.7046,1
SUB-0157,SADAKAT,11,25.99,310,395.6,STANDART,1,0,0,0.123,0.7348,1
SUB-0158,EK_PAKET,47,6.0,784,131.96,EKONOMIK,2,5,0,-0.5,0.3334,0
SUB-0158,TARIFE_YUKSELTME,47,6.0,784,131.96,EKONOMIK,2,5,0,-0.5,0.212,0
SUB-0158,CIHAZ_FIRSATI,47,6.0,784,131.96,EKONOMIK,2,5,0,-0.5,0.666,0
SUB-0158,SADAKAT,47,6.0,784,131.96,EKONOMIK,2,5,0,-0.5,0.6548,1
SUB-0159,EK_PAKET,43,10.42,513,286.58,STANDART,1,6,0,0.32,0.3558,0
SUB-0159,TARIFE_YUKSELTME,43,10.42,513,286.58,STANDART,1,6,0,0.32,0.526,0
SUB-0159,CIHAZ_FIRSATI,43,10.42,513,286.58,STANDART,1,6,0,0.32,0.7784,1
SUB-0159,SADAKAT,43,10.42,513,286.58,STANDART,1,6,0,0.32,0.6233,0
SUB-0160,EK_PAKET,66,11.97,535,297.46,STANDART,1,10,0,0.494,0.5123,0
SUB-0160,TARIFE_YUKSELTME,66,11.97,535,297.46,STANDART,1,10,0,0.494,0.5319,1
SUB-0160,CIHAZ_FIRSATI,66,11.97,535,297.46,STANDART,1,10,0,0.494,0.5355,1
SUB-0160,SADAKAT,66,11.97,535,297.46,STANDART,1,10,0,0.494,0.7393,1
SUB-0161,EK_PAKET,84,7.0,173,281.34,STANDART,9,5,0,-0.25,0.476,1
SUB-0161,TARIFE_YUKSELTME,84,7.0,173,281.34,STANDART,9,5,0,-0.25,0.514,1
SUB-0161,CIHAZ_FIRSATI,84,7.0,173,281.34,STANDART,9,5,0,-0.25,0.8776,1
SUB-0161,SADAKAT,84,7.0,173,281.34,STANDART,9,5,0,-0.25,0.8313,1
SUB-0162,EK_PAKET,56,5.38,398,269.11,STANDART,1,8,1,-0.033,0.3804,0
SUB-0162,TARIFE_YUKSELTME,56,5.38,398,269.11,STANDART,1,8,1,-0.033,0.2591,1
SUB-0162,CIHAZ_FIRSATI,56,5.38,398,269.11,STANDART,1,8,1,-0.033,0.5592,0
SUB-0162,SADAKAT,56,5.38,398,269.11,STANDART,1,8,1,-0.033,0.6819,1
SUB-0163,EK_PAKET,35,19.16,231,382.89,STANDART,4,1,0,-0.554,0.642,1
SUB-0163,TARIFE_YUKSELTME,35,19.16,231,382.89,STANDART,4,1,0,-0.554,0.6962,0
SUB-0163,CIHAZ_FIRSATI,35,19.16,231,382.89,STANDART,4,1,0,-0.554,0.729,0
SUB-0163,SADAKAT,35,19.16,231,382.89,STANDART,4,1,0,-0.554,0.7726,1
SUB-0164,EK_PAKET,35,3.26,116,65.35,EKONOMIK,3,2,0,-0.391,0.2615,1
SUB-0164,TARIFE_YUKSELTME,35,3.26,116,65.35,EKONOMIK,3,2,0,-0.391,0.5114,0
SUB-0164,CIHAZ_FIRSATI,35,3.26,116,65.35,EKONOMIK,3,2,0,-0.391,0.6653,1
SUB-0164,SADAKAT,35,3.26,116,65.35,EKONOMIK,3,2,0,-0.391,0.8153,1
SUB-0165,EK_PAKET,36,4.65,255,175.42,EKONOMIK,2,4,0,0.417,0.4161,0
SUB-0165,TARIFE_YUKSELTME,36,4.65,255,175.42,EKONOMIK,2,4,0,0.417,0.4154,0
SUB-0165,CIHAZ_FIRSATI,36,4.65,255,175.42,EKONOMIK,2,4,0,0.417,0.707,1
SUB-0165,SADAKAT,36,4.65,255,175.42,EKONOMIK,2,4,0,0.417,0.7354,1
SUB-0166,EK_PAKET,69,10.16,513,290.53,STANDART,1,10,1,-0.193,0.3445,1
SUB-0166,TARIFE_YUKSELTME,69,10.16,513,290.53,STANDART,1,10,1,-0.193,0.2414,0
SUB-0166,CIHAZ_FIRSATI,69,10.16,513,290.53,STANDART,1,10,1,-0.193,0.4706,0
SUB-0166,SADAKAT,69,10.16,513,290.53,STANDART,1,10,1,-0.193,0.5963,0
SUB-0167,EK_PAKET,27,20.66,697,228.06,EKONOMIK,3,1,1,-0.418,0.7759,1
SUB-0167,TARIFE_YUKSELTME,27,20.66,697,228.06,EKONOMIK,3,1,1,-0.418,0.7169,1
SUB-0167,CIHAZ_FIRSATI,27,20.66,697,228.06,EKONOMIK,3,1,1,-0.418,0.6415,1
SUB-0167,SADAKAT,27,20.66,697,228.06,EKONOMIK,3,1,1,-0.418,0.4988,0
SUB-0168,EK_PAKET,15,7.37,56,108.08,EKONOMIK,2,0,0,0.13,0.5785,0
SUB-0168,TARIFE_YUKSELTME,15,7.37,56,108.08,EKONOMIK,2,0,0,0.13,0.7564,1
SUB-0168,CIHAZ_FIRSATI,15,7.37,56,108.08,EKONOMIK,2,0,0,0.13,0.6691,0
SUB-0168,SADAKAT,15,7.37,56,108.08,EKONOMIK,2,0,0,0.13,0.5865,1
SUB-0169,EK_PAKET,29,6.65,413,203.06,EKONOMIK,2,2,1,-0.213,0.3404,1
SUB-0169,TARIFE_YUKSELTME,29,6.65,413,203.06,EKONOMIK,2,2,1,-0.213,0.4705,1
SUB-0169,CIHAZ_FIRSATI,29,6.65,413,203.06,EKONOMIK,2,2,1,-0.213,0.3,0
SUB-0169,SADAKAT,29,6.65,413,203.06,EKONOMIK,2,2,1,-0.213,0.5634,0
SUB-0170,EK_PAKET,2,9.72,384,213.56,EKONOMIK,0,0,0,-0.115,0.3974,0
SUB-0170,TARIFE_YUKSELTME,2,9.72,384,213.56,EKONOMIK,0,0,0,-0.115,0.6095,0
SUB-0170,CIHAZ_FIRSATI,2,9.72,384,213.56,EKONOMIK,0,0,0,-0.115,0.3896,0
SUB-0170,SADAKAT,2,9.72,384,213.56,EKONOMIK,0,0,0,-0.115,0.5164,1
SUB-0171,EK_PAKET,9,14.44,494,583.35,PREMIUM,0,1,0,0.309,0.5379,1
SUB-0171,TARIFE_YUKSELTME,9,14.44,494,583.35,PREMIUM,0,1,0,0.309,0.3096,1
SUB-0171,CIHAZ_FIRSATI,9,14.44,494,583.35,PREMIUM,0,1,0,0.309,0.7153,0
SUB-0171,SADAKAT,9,14.44,494,583.35,PREMIUM,0,1,0,0.309,0.4689,0
SUB-0172,EK_PAKET,8,8.62,151,238.19,STANDART,1,0,2,-0.517,0.3487,0
SUB-0172,TARIFE_YUKSELTME,8,8.62,151,238.19,STANDART,1,0,2,-0.517,0.4197,0
SUB-0172,CIHAZ_FIRSATI,8,8.62,151,238.19,STANDART,1,0,2,-0.517,0.3835,1
SUB-0172,SADAKAT,8,8.62,151,238.19,STANDART,1,0,2,-0.517,0.5649,0
SUB-0173,EK_PAKET,65,22.42,154,614.07,PREMIUM,4,6,1,-0.347,0.6042,0
SUB-0173,TARIFE_YUKSELTME,65,22.42,154,614.07,PREMIUM,4,6,1,-0.347,0.2996,0
SUB-0173,CIHAZ_FIRSATI,65,22.42,154,614.07,PREMIUM,4,6,1,-0.347,0.884,1
SUB-0173,SADAKAT,65,22.42,154,614.07,PREMIUM,4,6,1,-0.347,0.7361,1
SUB-0174,EK_PAKET,61,23.05,961,239.9,EKONOMIK,3,7,1,0.024,0.5508,0
SUB-0174,TARIFE_YUKSELTME,61,23.05,961,239.9,EKONOMIK,3,7,1,0.024,0.717,1
SUB-0174,CIHAZ_FIRSATI,61,23.05,961,239.9,EKONOMIK,3,7,1,0.024,0.5858,1
SUB-0174,SADAKAT,61,23.05,961,239.9,EKONOMIK,3,7,1,0.024,0.6066,1
SUB-0175,EK_PAKET,59,10.16,201,241.5,STANDART,9,0,1,0.309,0.5341,0
SUB-0175,TARIFE_YUKSELTME,59,10.16,201,241.5,STANDART,9,0,1,0.309,0.5745,1
SUB-0175,CIHAZ_FIRSATI,59,10.16,201,241.5,STANDART,9,0,1,0.309,0.99,1
SUB-0175,SADAKAT,59,10.16,201,241.5,STANDART,9,0,1,0.309,0.985,1
SUB-0176,EK_PAKET,39,36.01,298,421.09,STANDART,5,1,0,0.483,0.8471,1
SUB-0176,TARIFE_YUKSELTME,39,36.01,298,421.09,STANDART,5,1,0,0.483,0.9665,1
SUB-0176,CIHAZ_FIRSATI,39,36.01,298,421.09,STANDART,5,1,0,0.483,0.99,1
SUB-0176,SADAKAT,39,36.01,298,421.09,STANDART,5,1,0,0.483,0.8489,1
SUB-0177,EK_PAKET,61,11.78,324,327.58,STANDART,2,8,1,-0.263,0.2835,0
SUB-0177,TARIFE_YUKSELTME,61,11.78,324,327.58,STANDART,2,8,1,-0.263,0.5389,0
SUB-0177,CIHAZ_FIRSATI,61,11.78,324,327.58,STANDART,2,8,1,-0.263,0.6137,1
SUB-0177,SADAKAT,61,11.78,324,327.58,STANDART,2,8,1,-0.263,0.4958,0
SUB-0178,EK_PAKET,14,22.54,234,603.68,PREMIUM,1,1,1,0.298,0.6518,0
SUB-0178,TARIFE_YUKSELTME,14,22.54,234,603.68,PREMIUM,1,1,1,0.298,0.3456,1
SUB-0178,CIHAZ_FIRSATI,14,22.54,234,603.68,PREMIUM,1,1,1,0.298,0.6664,1
SUB-0178,SADAKAT,14,22.54,234,603.68,PREMIUM,1,1,1,0.298,0.4881,0
SUB-0179,EK_PAKET,76,14.16,591,550.8,PREMIUM,10,2,0,-0.224,0.5858,0
SUB-0179,TARIFE_YUKSELTME,76,14.16,591,550.8,PREMIUM,10,2,0,-0.224,0.6385,1
SUB-0179,CIHAZ_FIRSATI,76,14.16,591,550.8,PREMIUM,10,2,0,-0.224,0.875,1
SUB-0179,SADAKAT,76,14.16,591,550.8,PREMIUM,10,2,0,-0.224,0.8118,1
SUB-0180,EK_PAKET,43,13.98,556,554.54,PREMIUM,0,7,1,0.609,0.3327,1
SUB-0180,TARIFE_YUKSELTME,43,13.98,556,554.54,PREMIUM,0,7,1,0.609,0.3,0
SUB-0180,CIHAZ_FIRSATI,43,13.98,556,554.54,PREMIUM,0,7,1,0.609,0.7318,1
SUB-0180,SADAKAT,43,13.98,556,554.54,PREMIUM,0,7,1,0.609,0.56,0
SUB-0181,EK_PAKET,79,2.57,371,190.51,EKONOMIK,7,6,2,-0.507,0.1287,1
SUB-0181,TARIFE_YUKSELTME,79,2.57,371,190.51,EKONOMIK,7,6,2,-0.507,0.3132,0
SUB-0181,CIHAZ_FIRSATI,79,2.57,371,190.51,EKONOMIK,7,6,2,-0.507,0.6472,0
SUB-0181,SADAKAT,79,2.57,371,190.51,EKONOMIK,7,6,2,-0.507,0.6302,1
SUB-0182,EK_PAKET,13,4.31,246,188.44,EKONOMIK,1,1,0,0.515,0.5124,1
SUB-0182,TARIFE_YUKSELTME,13,4.31,246,188.44,EKONOMIK,1,1,0,0.515,0.4724,1
SUB-0182,CIHAZ_FIRSATI,13,4.31,246,188.44,EKONOMIK,1,1,0,0.515,0.526,1
SUB-0182,SADAKAT,13,4.31,246,188.44,EKONOMIK,1,1,0,0.515,0.6934,1
SUB-0183,EK_PAKET,42,8.96,348,185.66,STANDART,4,3,0,-0.18,0.4945,0
SUB-0183,TARIFE_YUKSELTME,42,8.96,348,185.66,STANDART,4,3,0,-0.18,0.3799,0
SUB-0183,CIHAZ_FIRSATI,42,8.96,348,185.66,STANDART,4,3,0,-0.18,0.734,1
SUB-0183,SADAKAT,42,8.96,348,185.66,STANDART,4,3,0,-0.18,0.9075,1
SUB-0184,EK_PAKET,59,22.93,440,210.5,EKONOMIK,5,4,1,0.675,0.8408,1
SUB-0184,TARIFE_YUKSELTME,59,22.93,440,210.5,EKONOMIK,5,4,1,0.675,0.7647,1
SUB-0184,CIHAZ_FIRSATI,59,22.93,440,210.5,EKONOMIK,5,4,1,0.675,0.8148,1
SUB-0184,SADAKAT,59,22.93,440,210.5,EKONOMIK,5,4,1,0.675,0.9153,1
SUB-0185,EK_PAKET,42,14.3,218,317.76,STANDART,2,5,0,0.257,0.6245,0
SUB-0185,TARIFE_YUKSELTME,42,14.3,218,317.76,STANDART,2,5,0,0.257,0.4484,0
SUB-0185,CIHAZ_FIRSATI,42,14.3,218,317.76,STANDART,2,5,0,0.257,0.753,1
SUB-0185,SADAKAT,42,14.3,218,317.76,STANDART,2,5,0,0.257,0.6776,1
SUB-0186,EK_PAKET,38,9.03,623,230.54,STANDART,2,4,0,-0.306,0.3858,1
SUB-0186,TARIFE_YUKSELTME,38,9.03,623,230.54,STANDART,2,4,0,-0.306,0.3341,1
SUB-0186,CIHAZ_FIRSATI,38,9.03,623,230.54,STANDART,2,4,0,-0.306,0.7087,1
SUB-0186,SADAKAT,38,9.03,623,230.54,STANDART,2,4,0,-0.306,0.7345,1
SUB-0187,EK_PAKET,14,17.08,824,340.63,STANDART,0,2,1,-0.213,0.4641,0
SUB-0187,TARIFE_YUKSELTME,14,17.08,824,340.63,STANDART,0,2,1,-0.213,0.5962,0
SUB-0187,CIHAZ_FIRSATI,14,17.08,824,340.63,STANDART,0,2,1,-0.213,0.3273,0
SUB-0187,SADAKAT,14,17.08,824,340.63,STANDART,0,2,1,-0.213,0.3891,0
SUB-0188,EK_PAKET,33,22.38,1073,630.66,PREMIUM,3,2,0,0.323,0.8432,1
SUB-0188,TARIFE_YUKSELTME,33,22.38,1073,630.66,PREMIUM,3,2,0,0.323,0.5966,1
SUB-0188,CIHAZ_FIRSATI,33,22.38,1073,630.66,PREMIUM,3,2,0,0.323,0.8371,0
SUB-0188,SADAKAT,33,22.38,1073,630.66,PREMIUM,3,2,0,0.323,0.7547,1
SUB-0189,EK_PAKET,21,11.25,1030,267.17,STANDART,0,3,1,0.338,0.4784,1
SUB-0189,TARIFE_YUKSELTME,21,11.25,1030,267.17,STANDART,0,3,1,0.338,0.4342,1
SUB-0189,CIHAZ_FIRSATI,21,11.25,1030,267.17,STANDART,0,3,1,0.338,0.5429,1
SUB-0189,SADAKAT,21,11.25,1030,267.17,STANDART,0,3,1,0.338,0.4645,0
SUB-0190,EK_PAKET,26,13.13,322,192.54,EKONOMIK,3,1,0,0.025,0.7134,1
SUB-0190,TARIFE_YUKSELTME,26,13.13,322,192.54,EKONOMIK,3,1,0,0.025,0.692,1
SUB-0190,CIHAZ_FIRSATI,26,13.13,322,192.54,EKONOMIK,3,1,0,0.025,0.7431,1
SUB-0190,SADAKAT,26,13.13,322,192.54,EKONOMIK,3,1,0,0.025,0.6707,1
SUB-0191,EK_PAKET,58,11.97,456,137.22,EKONOMIK,3,6,1,-0.014,0.4214,0
SUB-0191,TARIFE_YUKSELTME,58,11.97,456,137.22,EKONOMIK,3,6,1,-0.014,0.4151,0
SUB-0191,CIHAZ_FIRSATI,58,11.97,456,137.22,EKONOMIK,3,6,1,-0.014,0.6406,0
SUB-0191,SADAKAT,58,11.97,456,137.22,EKONOMIK,3,6,1,-0.014,0.6749,1
SUB-0192,EK_PAKET,53,10.74,365,281.46,STANDART,4,4,1,0.235,0.464,1
SUB-0192,TARIFE_YUKSELTME,53,10.74,365,281.46,STANDART,4,4,1,0.235,0.6277,0
SUB-0192,CIHAZ_FIRSATI,53,10.74,365,281.46,STANDART,4,4,1,0.235,0.7724,1
SUB-0192,SADAKAT,53,10.74,365,281.46,STANDART,4,4,1,0.235,0.7941,0
SUB-0193,EK_PAKET,52,5.95,364,345.86,STANDART,2,6,1,0.016,0.3617,0
SUB-0193,TARIFE_YUKSELTME,52,5.95,364,345.86,STANDART,2,6,1,0.016,0.4056,1
SUB-0193,CIHAZ_FIRSATI,52,5.95,364,345.86,STANDART,2,6,1,0.016,0.5644,0
SUB-0193,SADAKAT,52,5.95,364,345.86,STANDART,2,6,1,0.016,0.5383,1
SUB-0194,EK_PAKET,31,5.57,346,123.36,EKONOMIK,1,4,2,-0.563,0.1428,0
SUB-0194,TARIFE_YUKSELTME,31,5.57,346,123.36,EKONOMIK,1,4,2,-0.563,0.1605,0
SUB-0194,CIHAZ_FIRSATI,31,5.57,346,123.36,EKONOMIK,1,4,2,-0.563,0.2101,0
SUB-0194,SADAKAT,31,5.57,346,123.36,EKONOMIK,1,4,2,-0.563,0.329,1
SUB-0195,EK_PAKET,81,17.01,419,355.03,STANDART,7,6,2,-0.395,0.4827,0
SUB-0195,TARIFE_YUKSELTME,81,17.01,419,355.03,STANDART,7,6,2,-0.395,0.4694,1
SUB-0195,CIHAZ_FIRSATI,81,17.01,419,355.03,STANDART,7,6,2,-0.395,0.691,1
SUB-0195,SADAKAT,81,17.01,419,355.03,STANDART,7,6,2,-0.395,0.6401,1
SUB-0196,EK_PAKET,8,22.66,917,287.12,STANDART,0,1,1,0.052,0.5286,0
SUB-0196,TARIFE_YUKSELTME,8,22.66,917,287.12,STANDART,0,1,1,0.052,0.6318,1
SUB-0196,CIHAZ_FIRSATI,8,22.66,917,287.12,STANDART,0,1,1,0.052,0.245,0
SUB-0196,SADAKAT,8,22.66,917,287.12,STANDART,0,1,1,0.052,0.3446,1
SUB-0197,EK_PAKET,29,9.01,525,595.05,PREMIUM,1,3,0,0.475,0.5314,1
SUB-0197,TARIFE_YUKSELTME,29,9.01,525,595.05,PREMIUM,1,3,0,0.475,0.1825,0
SUB-0197,CIHAZ_FIRSATI,29,9.01,525,595.05,PREMIUM,1,3,0,0.475,0.735,1
SUB-0197,SADAKAT,29,9.01,525,595.05,PREMIUM,1,3,0,0.475,0.6257,1
SUB-0198,EK_PAKET,10,8.86,145,323.96,STANDART,1,0,0,0.616,0.5966,0
SUB-0198,TARIFE_YUKSELTME,10,8.86,145,323.96,STANDART,1,0,0,0.616,0.7851,1
SUB-0198,CIHAZ_FIRSATI,10,8.86,145,323.96,STANDART,1,0,0,0.616,0.7834,1
SUB-0198,SADAKAT,10,8.86,145,323.96,STANDART,1,0,0,0.616,0.6329,0
SUB-0199,EK_PAKET,29,1.9,800,261.23,STANDART,0,4,0,0.323,0.0368,0
SUB-0199,TARIFE_YUKSELTME,29,1.9,800,261.23,STANDART,0,4,0,0.323,0.3344,0
SUB-0199,CIHAZ_FIRSATI,29,1.9,800,261.23,STANDART,0,4,0,0.323,0.4029,0
SUB-0199,SADAKAT,29,1.9,800,261.23,STANDART,0,4,0,0.323,0.6271,1
SUB-0200,EK_PAKET,81,1.52,489,149.88,EKONOMIK,9,4,1,0.071,0.363,1
SUB-0200,TARIFE_YUKSELTME,81,1.52,489,149.88,EKONOMIK,9,4,1,0.071,0.3522,0
SUB-0200,CIHAZ_FIRSATI,81,1.52,489,149.88,EKONOMIK,9,4,1,0.071,0.7639,0
SUB-0200,SADAKAT,81,1.52,489,149.88,EKONOMIK,9,4,1,0.071,0.7607,1
SUB-0201,EK_PAKET,31,26.51,596,322.92,STANDART,0,5,1,0.232,0.5271,0
SUB-0201,TARIFE_YUKSELTME,31,26.51,596,322.92,STANDART,0,5,1,0.232,0.4636,1
SUB-0201,CIHAZ_FIRSATI,31,26.51,596,322.92,STANDART,0,5,1,0.232,0.6096,1
SUB-0201,SADAKAT,31,26.51,596,322.92,STANDART,0,5,1,0.232,0.4083,0
SUB-0202,EK_PAKET,77,6.28,517,195.55,EKONOMIK,2,10,0,-0.183,0.2686,0
SUB-0202,TARIFE_YUKSELTME,77,6.28,517,195.55,EKONOMIK,2,10,0,-0.183,0.3884,1
SUB-0202,CIHAZ_FIRSATI,77,6.28,517,195.55,EKONOMIK,2,10,0,-0.183,0.743,1
SUB-0202,SADAKAT,77,6.28,517,195.55,EKONOMIK,2,10,0,-0.183,0.6715,1
SUB-0203,EK_PAKET,42,45.06,535,449.83,STANDART,1,6,1,-0.084,0.6556,0
SUB-0203,TARIFE_YUKSELTME,42,45.06,535,449.83,STANDART,1,6,1,-0.084,0.8332,1
SUB-0203,CIHAZ_FIRSATI,42,45.06,535,449.83,STANDART,1,6,1,-0.084,0.5185,1
SUB-0203,SADAKAT,42,45.06,535,449.83,STANDART,1,6,1,-0.084,0.4653,1
SUB-0204,EK_PAKET,59,7.21,553,284.28,STANDART,2,7,3,-0.478,0.0636,0
SUB-0204,TARIFE_YUKSELTME,59,7.21,553,284.28,STANDART,2,7,3,-0.478,0.01,0
SUB-0204,CIHAZ_FIRSATI,59,7.21,553,284.28,STANDART,2,7,3,-0.478,0.4254,1
SUB-0204,SADAKAT,59,7.21,553,284.28,STANDART,2,7,3,-0.478,0.4328,0
SUB-0205,EK_PAKET,39,2.66,71,112.3,EKONOMIK,1,5,1,-0.467,0.2721,0
SUB-0205,TARIFE_YUKSELTME,39,2.66,71,112.3,EKONOMIK,1,5,1,-0.467,0.3168,0
SUB-0205,CIHAZ_FIRSATI,39,2.66,71,112.3,EKONOMIK,1,5,1,-0.467,0.4838,1
SUB-0205,SADAKAT,39,2.66,71,112.3,EKONOMIK,1,5,1,-0.467,0.5483,1
SUB-0206,EK_PAKET,23,12.04,591,150.93,EKONOMIK,1,2,1,0.087,0.355,1
SUB-0206,TARIFE_YUKSELTME,23,12.04,591,150.93,EKONOMIK,1,2,1,0.087,0.5076,1
SUB-0206,CIHAZ_FIRSATI,23,12.04,591,150.93,EKONOMIK,1,2,1,0.087,0.5476,1
SUB-0206,SADAKAT,23,12.04,591,150.93,EKONOMIK,1,2,1,0.087,0.457,1
SUB-0207,EK_PAKET,65,19.01,227,233.35,EKONOMIK,9,1,0,0.115,0.7,0
SUB-0207,TARIFE_YUKSELTME,65,19.01,227,233.35,EKONOMIK,9,1,0,0.115,0.8808,1
SUB-0207,CIHAZ_FIRSATI,65,19.01,227,233.35,EKONOMIK,9,1,0,0.115,0.8628,1
SUB-0207,SADAKAT,65,19.01,227,233.35,EKONOMIK,9,1,0,0.115,0.99,1
SUB-0208,EK_PAKET,82,17.62,279,569.53,PREMIUM,2,11,0,0.291,0.6181,1
SUB-0208,TARIFE_YUKSELTME,82,17.62,279,569.53,PREMIUM,2,11,0,0.291,0.2526,1
SUB-0208,CIHAZ_FIRSATI,82,17.62,279,569.53,PREMIUM,2,11,0,0.291,0.7433,1
SUB-0208,SADAKAT,82,17.62,279,569.53,PREMIUM,2,11,0,0.291,0.817,1
SUB-0209,EK_PAKET,23,20.29,416,377.37,STANDART,3,0,0,0.241,0.8441,1
SUB-0209,TARIFE_YUKSELTME,23,20.29,416,377.37,STANDART,3,0,0,0.241,0.9494,1
SUB-0209,CIHAZ_FIRSATI,23,20.29,416,377.37,STANDART,3,0,0,0.241,0.7897,1
SUB-0209,SADAKAT,23,20.29,416,377.37,STANDART,3,0,0,0.241,0.7831,1
SUB-0210,EK_PAKET,66,4.98,1187,142.06,EKONOMIK,5,6,0,0.135,0.4059,1
SUB-0210,TARIFE_YUKSELTME,66,4.98,1187,142.06,EKONOMIK,5,6,0,0.135,0.6274,1
SUB-0210,CIHAZ_FIRSATI,66,4.98,1187,142.06,EKONOMIK,5,6,0,0.135,0.8652,1
SUB-0210,SADAKAT,66,4.98,1187,142.06,EKONOMIK,5,6,0,0.135,0.7713,1
SUB-0211,EK_PAKET,22,26.11,170,618.01,PREMIUM,0,3,3,0.005,0.4714,1
SUB-0211,TARIFE_YUKSELTME,22,26.11,170,618.01,PREMIUM,0,3,3,0.005,0.198,0
SUB-0211,CIHAZ_FIRSATI,22,26.11,170,618.01,PREMIUM,0,3,3,0.005,0.3369,1
SUB-0211,SADAKAT,22,26.11,170,618.01,PREMIUM,0,3,3,0.005,0.3451,0
SUB-0212,EK_PAKET,61,27.1,405,365.19,STANDART,0,10,1,-0.045,0.5561,1
SUB-0212,TARIFE_YUKSELTME,61,27.1,405,365.19,STANDART,0,10,1,-0.045,0.4732,0
SUB-0212,CIHAZ_FIRSATI,61,27.1,405,365.19,STANDART,0,10,1,-0.045,0.6006,0
SUB-0212,SADAKAT,61,27.1,405,365.19,STANDART,0,10,1,-0.045,0.5276,1
SUB-0213,EK_PAKET,67,27.86,339,474.57,STANDART,5,6,1,0.115,0.7756,1
SUB-0213,TARIFE_YUKSELTME,67,27.86,339,474.57,STANDART,5,6,1,0.115,0.7065,1
SUB-0213,CIHAZ_FIRSATI,67,27.86,339,474.57,STANDART,5,6,1,0.115,0.8065,1
SUB-0213,SADAKAT,67,27.86,339,474.57,STANDART,5,6,1,0.115,0.7262,1
SUB-0214,EK_PAKET,38,13.45,792,477.82,PREMIUM,3,3,0,-0.204,0.3852,0
SUB-0214,TARIFE_YUKSELTME,38,13.45,792,477.82,PREMIUM,3,3,0,-0.204,0.4575,0
SUB-0214,CIHAZ_FIRSATI,38,13.45,792,477.82,PREMIUM,3,3,0,-0.204,0.7465,0
SUB-0214,SADAKAT,38,13.45,792,477.82,PREMIUM,3,3,0,-0.204,0.8166,1
SUB-0215,EK_PAKET,62,8.49,332,208.64,EKONOMIK,4,6,1,0.099,0.3847,0
SUB-0215,TARIFE_YUKSELTME,62,8.49,332,208.64,EKONOMIK,4,6,1,0.099,0.5121,1
SUB-0215,CIHAZ_FIRSATI,62,8.49,332,208.64,EKONOMIK,4,6,1,0.099,0.6802,0
SUB-0215,SADAKAT,62,8.49,332,208.64,EKONOMIK,4,6,1,0.099,0.6924,0
SUB-0216,EK_PAKET,23,7.91,493,210.31,EKONOMIK,1,2,1,0.204,0.3748,1
SUB-0216,TARIFE_YUKSELTME,23,7.91,493,210.31,EKONOMIK,1,2,1,0.204,0.5886,0
SUB-0216,CIHAZ_FIRSATI,23,7.91,493,210.31,EKONOMIK,1,2,1,0.204,0.4508,1
SUB-0216,SADAKAT,23,7.91,493,210.31,EKONOMIK,1,2,1,0.204,0.4014,1
SUB-0217,EK_PAKET,7,2.64,170,237.81,STANDART,0,1,0,-0.184,0.3399,0
SUB-0217,TARIFE_YUKSELTME,7,2.64,170,237.81,STANDART,0,1,0,-0.184,0.4155,0
SUB-0217,CIHAZ_FIRSATI,7,2.64,170,237.81,STANDART,0,1,0,-0.184,0.3473,0
SUB-0217,SADAKAT,7,2.64,170,237.81,STANDART,0,1,0,-0.184,0.5932,1
SUB-0218,EK_PAKET,9,7.34,885,242.19,EKONOMIK,0,1,3,-0.172,0.3319,0
SUB-0218,TARIFE_YUKSELTME,9,7.34,885,242.19,EKONOMIK,0,1,3,-0.172,0.1057,0
SUB-0218,CIHAZ_FIRSATI,9,7.34,885,242.19,EKONOMIK,0,1,3,-0.172,0.1662,1
SUB-0218,SADAKAT,9,7.34,885,242.19,EKONOMIK,0,1,3,-0.172,0.2574,0
SUB-0219,EK_PAKET,38,0.81,106,303.44,STANDART,4,2,2,-0.328,0.247,1
SUB-0219,TARIFE_YUKSELTME,38,0.81,106,303.44,STANDART,4,2,2,-0.328,0.3397,0
SUB-0219,CIHAZ_FIRSATI,38,0.81,106,303.44,STANDART,4,2,2,-0.328,0.6203,0
SUB-0219,SADAKAT,38,0.81,106,303.44,STANDART,4,2,2,-0.328,0.5205,1
SUB-0220,EK_PAKET,76,2.28,585,169.12,EKONOMIK,8,4,1,-0.214,0.368,0
SUB-0220,TARIFE_YUKSELTME,76,2.28,585,169.12,EKONOMIK,8,4,1,-0.214,0.4727,1
SUB-0220,CIHAZ_FIRSATI,76,2.28,585,169.12,EKONOMIK,8,4,1,-0.214,0.8519,1
SUB-0220,SADAKAT,76,2.28,585,169.12,EKONOMIK,8,4,1,-0.214,0.7034,1
